,data_hora_entrada,data_hora_saida
0,2023-01-29 03:16:24,2023-01-30 17:16:24
1,2024-03-24 03:11:10,2024-03-27 00:11:10
2,2022-10-19 05:52:38,2022-10-20 02:52:38
3,2023-10-30 19:33:55,2023-10-31 22:33:55
4,2023-11-16 13:37:16,2023-11-19 01:37:16
5,2024-03-12 10:48:47,2024-03-13 16:48:47
6,2022-08-30 21:45:02,2022-09-02 13:45:02
7,2023-04-21 16:42:21,2023-04-23 20:42:21
8,2022-10-08 04:29:34,2022-10-09 18:29:34
9,2022-08-07 23:56:38,2022-08-10 14:56:38
10,2022-08-26 08:45:11,2022-08-27 13:45:11
11,2023-05-25 01:14:29,2023-05-27 01:14:29
12,2023-08-21 13:29:25,2023-08-22 18:29:25
13,2023-11-04 08:44:15,2023-11-04 20:44:15
14,2024-05-17 13:50:49,2024-05-18 23:50:49
15,2023-08-15 22:14:55,2023-08-18 09:14:55
16,2023-06-01 10:53:43,2023-06-04 10:53:43
17,2024-05-19 00:28:54,2024-05-21 09:28:54
18,2022-09-13 18:29:35,2022-09-15 21:29:35
19,2024-04-16 22:07:00,2024-04-18 00:07:00
20,2023-08-27 16:40:47,2023-08-30 01:40:47
21,2023-05-01 06:53:27,2023-05-02 19:53:27
22,2023-01-29 17:42:20,2023-02-02 21:42:20
23,2022-12-27 01:52:11,2022-12-31 01:52:11
24,2022-10-30 03:54:14,2022-10-31 08:54:14
25,2023-03-03 15:05:06,2023-03-04 12:05:06
26,2022-07-22 14:23:31,2022-07-25 02:23:31
27,2023-04-23 07:28:28,2023-04-26 19:28:28
28,2024-05-19 22:17:59,2024-05-20 17:17:59
29,2023-04-26 15:00:43,2023-04-27 18:00:43
30,2024-03-06 20:45:44,2024-03-10 22:45:44
31,2023-05-09 22:48:50,2023-05-12 02:48:50
32,2022-09-30 06:40:23,2022-10-01 01:40:23
33,2023-04-03 03:44:22,2023-04-04 13:44:22
34,2024-03-05 12:45:31,2024-03-07 10:45:31
35,2022-07-01 08:12:22,2022-07-02 11:12:22
36,2024-05-20 04:40:46,2024-05-22 03:40:46
37,2023-01-10 17:55:28,2023-01-12 06:55:28
38,2023-04-23 03:52:38,2023-04-24 21:52:38
39,2024-05-18 19:40:29,2024-05-19 13:40:29
40,2024-03-01 04:51:19,2024-03-02 04:51:19
41,2023-09-23 19:43:32,2023-09-26 08:43:32
42,2024-05-24 10:39:16,2024-05-25 15:39:16
43,2023-04-04 19:41:29,2023-04-06 13:41:29
44,2022-06-02 21:16:42,2022-06-05 10:16:42
45,2022-11-24 06:05:09,2022-11-28 06:05:09
46,2023-10-10 04:12:23,2023-10-11 07:12:23
47,2022-12-04 06:58:10,2022-12-06 00:58:10
48,2022-06-13 13:23:45,2022-06-14 21:23:45
49,2023-09-20 19:07:05,2023-09-22 22:07:05
50,2023-03-31 13:05:08,2023-04-02 13:05:08
51,2023-06-22 06:17:41,2023-06-26 01:17:41
52,2023-01-21 23:11:49,2023-01-22 12:11:49
53,2022-07-18 03:15:59,2022-07-20 00:15:59
54,2023-07-22 20:44:20,2023-07-24 23:44:20
55,2022-11-13 09:15:09,2022-11-14 11:15:09
56,2023-12-04 07:30:04,2023-12-06 10:30:04
57,2023-12-22 10:01:59,2023-12-24 22:01:59
58,2024-04-11 09:22:15,2024-04-13 05:22:15
59,2023-09-08 22:43:55,2023-09-12 20:43:55
60,2023-05-28 06:24:05,2023-05-31 23:24:05
61,2024-05-04 17:18:02,2024-05-08 00:18:02
62,2023-03-13 02:24:59,2023-03-16 04:24:59
63,2022-07-29 09:53:19,2022-07-29 22:53:19
64,2023-01-31 02:38:55,2023-02-02 22:38:55
65,2023-09-18 14:16:44,2023-09-19 22:16:44
66,2023-07-24 15:22:36,2023-07-26 02:22:36
67,2023-01-15 09:30:09,2023-01-19 11:30:09
68,2023-07-22 20:40:32,2023-07-25 09:40:32
69,2024-03-06 02:26:40,2024-03-07 09:26:40
70,2024-03-13 15:37:19,2024-03-14 23:37:19
71,2022-07-25 19:31:07,2022-07-29 04:31:07
72,2024-04-15 02:16:16,2024-04-16 05:16:16
73,2024-04-24 15:16:15,2024-04-28 04:16:15
74,2023-05-29 09:42:32,2023-06-01 12:42:32
75,2022-07-26 08:04:54,2022-07-27 17:04:54
76,2024-04-09 22:23:20,2024-04-13 00:23:20
77,2023-07-28 06:35:43,2023-07-31 11:35:43
78,2023-10-26 06:54:13,2023-10-29 02:54:13
79,2023-06-03 02:35:01,2023-06-06 21:35:01
80,2023-03-20 21:36:48,2023-03-24 02:36:48
81,2024-01-12 21:31:16,2024-01-14 19:31:16
82,2022-09-27 05:40:39,2022-09-28 01:40:39
83,2024-01-19 21:10:46,2024-01-21 06:10:46
84,2024-02-28 11:09:43,2024-03-03 13:09:43
85,2023-05-18 03:42:56,2023-05-21 19:42:56
86,2023-10-21 08:18:30,2023-10-22 12:18:30
87,2022-09-12 08:24:06,2022-09-13 08:24:06
88,2022-09-11 20:22:55,2022-09-14 21:22:55
89,2023-01-22 01:59:50,2023-01-25 08:59:50
90,2023-12-16 00:26:04,2023-12-18 19:26:04
91,2022-12-18 12:13:20,2022-12-20 08:13:20
92,2023-08-18 13:16:21,2023-08-20 09:16:21
93,2023-05-08 08:19:01,2023-05-12 01:19:01
94,2023-09-21 22:46:40,2023-09-25 21:46:40
95,2024-05-05 20:19:12,2024-05-08 07:19:12
96,2024-02-12 09:12:23,2024-02-15 05:12:23
97,2022-09-04 11:24:20,2022-09-05 16:24:20
98,2023-04-07 21:22:00,2023-04-10 05:22:00
99,2024-03-18 21:16:01,2024-03-22 03:16:01
100,2023-06-12 05:07:03,2023-06-13 01:07:03
101,2022-08-01 05:51:59,2022-08-04 16:51:59
102,2023-01-08 06:31:37,2023-01-11 22:31:37
103,2023-07-14 06:45:47,2023-07-17 01:45:47
104,2023-05-22 10:32:45,2023-05-23 07:32:45
105,2023-07-08 08:22:32,2023-07-09 18:22:32
106,2022-11-22 12:39:41,2022-11-23 10:39:41
107,2023-11-13 16:41:41,2023-11-17 13:41:41
108,2023-04-11 08:53:51,2023-04-12 17:53:51
109,2023-03-25 15:53:24,2023-03-26 19:53:24
110,2023-05-25 17:24:19,2023-05-29 15:24:19
111,2023-10-06 17:30:42,2023-10-10 00:30:42
112,2022-07-26 15:51:04,2022-07-27 03:51:04
113,2022-10-27 09:23:11,2022-10-30 09:23:11
114,2023-06-24 23:19:21,2023-06-26 19:19:21
115,2023-03-02 18:31:28,2023-03-03 08:31:28
116,2023-05-20 12:27:32,2023-05-21 05:27:32
117,2022-10-31 06:21:49,2022-11-01 10:21:49
118,2024-04-07 02:27:22,2024-04-09 04:27:22
119,2022-07-11 07:33:28,2022-07-15 00:33:28
120,2022-12-06 04:07:37,2022-12-09 22:07:37
121,2022-06-17 05:43:14,2022-06-18 09:43:14
122,2024-01-30 12:50:31,2024-02-02 00:50:31
123,2024-04-05 11:13:01,2024-04-09 13:13:01
124,2022-08-13 06:24:27,2022-08-14 11:24:27
125,2022-09-05 21:28:55,2022-09-06 20:28:55
126,2023-12-21 05:50:48,2023-12-25 03:50:48
127,2023-08-16 14:41:40,2023-08-17 21:41:40
128,2023-07-30 00:12:15,2023-07-31 22:12:15
129,2022-09-04 08:54:50,2022-09-06 10:54:50
130,2023-07-10 06:57:11,2023-07-12 12:57:11
131,2023-06-29 10:42:49,2023-06-30 05:42:49
132,2022-11-02 20:54:40,2022-11-03 16:54:40
133,2023-10-02 10:39:06,2023-10-04 18:39:06
134,2022-12-20 19:27:08,2022-12-23 04:27:08
135,2022-06-26 16:14:58,2022-06-28 15:14:58
136,2023-11-29 09:00:45,2023-12-02 15:00:45
137,2023-10-26 13:22:24,2023-10-27 08:22:24
138,2022-08-21 01:31:21,2022-08-23 11:31:21
139,2024-05-07 03:50:47,2024-05-09 11:50:47
140,2023-07-27 10:11:33,2023-07-31 00:11:33
141,2024-04-18 11:15:31,2024-04-20 09:15:31
142,2023-01-11 13:51:25,2023-01-12 23:51:25
143,2023-12-22 18:15:14,2023-12-26 05:15:14
144,2022-09-02 06:04:00,2022-09-06 08:04:00
145,2023-06-25 01:52:15,2023-06-26 08:52:15
146,2024-01-19 06:00:14,2024-01-21 21:00:14
147,2023-06-02 21:48:02,2023-06-05 12:48:02
148,2023-02-07 22:19:20,2023-02-11 02:19:20
149,2022-06-12 05:03:36,2022-06-14 11:03:36
150,2024-04-19 03:10:02,2024-04-22 03:10:02
151,2022-12-08 05:08:40,2022-12-08 19:08:40
152,2024-04-11 11:14:14,2024-04-12 14:14:14
153,2023-05-01 04:11:10,2023-05-02 21:11:10
154,2023-05-23 14:13:59,2023-05-26 00:13:59
155,2024-03-09 04:16:16,2024-03-12 15:16:16
156,2022-12-07 10:33:31,2022-12-08 23:33:31
157,2023-11-30 08:27:44,2023-12-01 11:27:44
158,2023-08-09 02:41:34,2023-08-10 20:41:34
159,2023-03-27 06:13:18,2023-03-31 05:13:18
160,2023-01-19 05:47:38,2023-01-21 14:47:38
161,2023-10-23 01:37:47,2023-10-24 10:37:47
162,2023-05-05 23:22:20,2023-05-08 20:22:20
163,2024-03-31 06:54:07,2024-04-02 02:54:07
164,2023-06-10 01:33:52,2023-06-13 23:33:52
165,2022-05-30 19:17:16,2022-06-02 21:17:16
166,2023-10-23 07:32:50,2023-10-26 10:32:50
167,2024-03-02 23:40:29,2024-03-06 13:40:29
168,2022-11-01 00:41:56,2022-11-01 22:41:56
169,2022-09-03 21:30:28,2022-09-06 18:30:28
170,2023-11-05 00:33:15,2023-11-08 14:33:15
171,2023-02-22 04:11:41,2023-02-26 07:11:41
172,2022-07-18 05:25:30,2022-07-19 13:25:30
173,2022-10-24 04:45:29,2022-10-25 22:45:29
174,2023-08-15 09:18:03,2023-08-15 21:18:03
175,2022-06-17 02:54:59,2022-06-20 04:54:59
176,2023-11-08 19:03:15,2023-11-11 23:03:15
177,2023-01-06 01:04:24,2023-01-09 23:04:24
178,2023-09-02 06:22:44,2023-09-06 05:22:44
179,2024-03-09 18:12:16,2024-03-13 10:12:16
180,2024-04-11 01:53:47,2024-04-12 19:53:47
181,2023-04-28 17:39:10,2023-04-30 22:39:10
182,2022-06-11 14:23:34,2022-06-13 11:23:34
183,2023-11-18 23:50:38,2023-11-22 17:50:38
184,2022-07-18 10:34:36,2022-07-19 23:34:36
185,2023-03-21 19:40:52,2023-03-25 11:40:52
186,2023-04-23 14:18:41,2023-04-27 02:18:41
187,2022-08-16 13:23:02,2022-08-17 21:23:02
188,2023-09-07 12:28:40,2023-09-11 11:28:40
189,2022-12-02 17:03:39,2022-12-06 17:03:39
190,2024-03-12 10:17:22,2024-03-14 08:17:22
191,2024-04-18 22:02:49,2024-04-20 05:02:49
192,2024-01-28 20:28:15,2024-01-31 03:28:15
193,2024-05-13 00:52:01,2024-05-16 04:52:01
194,2022-10-28 09:30:09,2022-10-31 08:30:09
195,2023-09-05 21:59:59,2023-09-08 04:59:59
196,2023-07-27 08:07:50,2023-07-28 18:07:50
197,2022-07-28 02:20:32,2022-07-30 14:20:32
198,2024-03-29 21:03:24,2024-04-01 01:03:24
199,2023-03-06 17:17:34,2023-03-09 05:17:34
200,2022-12-31 13:11:16,2023-01-04 16:11:16
201,2022-10-25 16:47:24,2022-10-29 12:47:24
202,2023-05-25 22:43:58,2023-05-28 02:43:58
203,2022-12-30 17:53:04,2023-01-03 09:53:04
204,2023-10-09 18:51:09,2023-10-12 06:51:09
205,2024-02-29 09:54:42,2024-03-01 13:54:42
206,2024-04-04 09:21:31,2024-04-07 04:21:31
207,2024-02-27 22:49:08,2024-02-28 22:49:08
208,2023-01-19 12:31:50,2023-01-22 22:31:50
209,2023-07-26 06:05:01,2023-07-28 09:05:01
210,2023-11-05 09:35:41,2023-11-05 21:35:41
211,2024-04-27 02:21:25,2024-04-28 14:21:25
212,2023-04-17 07:29:57,2023-04-21 01:29:57
213,2022-10-30 13:17:49,2022-11-01 19:17:49
214,2023-08-21 01:56:22,2023-08-21 16:56:22
215,2024-02-28 10:18:06,2024-03-02 05:18:06
216,2024-02-26 07:24:13,2024-02-29 23:24:13
217,2024-02-26 10:05:44,2024-02-28 00:05:44
218,2023-12-06 21:19:48,2023-12-09 00:19:48
219,2023-09-09 03:01:07,2023-09-10 07:01:07
220,2023-12-06 11:45:08,2023-12-09 19:45:08
221,2023-03-19 10:52:37,2023-03-22 21:52:37
222,2022-08-18 13:07:15,2022-08-20 18:07:15
223,2023-05-10 13:54:29,2023-05-11 00:54:29
224,2024-04-22 05:24:10,2024-04-24 05:24:10
225,2023-01-18 17:45:27,2023-01-22 11:45:27
226,2023-12-27 02:49:41,2023-12-29 03:49:41
227,2023-06-04 11:54:22,2023-06-07 07:54:22
228,2023-09-30 06:32:13,2023-10-01 05:32:13
229,2024-05-06 14:42:01,2024-05-07 15:42:01
230,2022-07-03 16:21:11,2022-07-07 05:21:11
231,2023-12-15 19:19:26,2023-12-19 04:19:26
232,2024-03-04 10:08:32,2024-03-07 23:08:32
233,2023-07-15 18:24:04,2023-07-17 23:24:04
234,2023-07-06 15:47:19,2023-07-07 02:47:19
235,2023-01-04 14:28:43,2023-01-07 12:28:43
236,2023-08-16 06:11:39,2023-08-17 22:11:39
237,2022-07-22 06:40:46,2022-07-24 19:40:46
238,2024-01-05 09:37:29,2024-01-09 13:37:29
239,2024-05-17 09:56:56,2024-05-20 14:56:56
240,2023-05-18 08:31:37,2023-05-18 19:31:37
241,2022-06-05 06:08:10,2022-06-06 16:08:10
242,2023-02-09 04:49:40,2023-02-13 01:49:40
243,2024-05-15 13:58:41,2024-05-17 11:58:41
244,2023-03-06 18:44:08,2023-03-08 00:44:08
245,2022-09-18 02:28:05,2022-09-21 13:28:05
246,2023-01-09 19:16:40,2023-01-11 12:16:40
247,2023-04-13 11:35:12,2023-04-16 05:35:12
248,2023-08-03 08:35:13,2023-08-05 14:35:13
249,2022-08-01 14:04:17,2022-08-05 16:04:17
250,2023-06-18 00:59:30,2023-06-21 22:59:30
251,2023-06-10 04:13:40,2023-06-13 01:13:40
252,2023-08-20 00:22:17,2023-08-22 17:22:17
253,2023-01-05 16:54:46,2023-01-09 10:54:46
254,2023-04-02 16:52:46,2023-04-05 20:52:46
255,2024-05-20 23:11:47,2024-05-22 19:11:47
256,2023-02-22 15:15:03,2023-02-23 09:15:03
257,2023-05-19 21:40:39,2023-05-22 00:40:39
258,2023-02-03 12:30:09,2023-02-04 11:30:09
259,2024-02-15 10:04:26,2024-02-17 05:04:26
260,2022-07-05 09:25:03,2022-07-07 14:25:03
261,2023-02-28 01:06:03,2023-03-01 09:06:03
262,2023-10-19 22:09:12,2023-10-22 18:09:12
263,2022-11-09 12:11:08,2022-11-09 23:11:08
264,2023-06-22 10:05:15,2023-06-23 04:05:15
265,2022-07-03 20:59:40,2022-07-04 21:59:40
266,2023-08-18 11:21:02,2023-08-19 00:21:02
267,2022-11-27 11:50:21,2022-11-30 15:50:21
268,2022-09-26 01:56:31,2022-09-27 01:56:31
269,2023-12-28 19:09:11,2023-12-29 06:09:11
270,2023-02-28 06:07:05,2023-03-03 11:07:05
271,2022-09-06 07:43:14,2022-09-09 10:43:14
272,2023-07-06 09:31:03,2023-07-09 04:31:03
273,2023-07-13 22:52:56,2023-07-16 02:52:56
274,2022-09-10 06:42:23,2022-09-11 23:42:23
275,2024-02-09 14:37:04,2024-02-13 01:37:04
276,2023-01-12 09:24:55,2023-01-14 13:24:55
277,2022-06-12 01:51:19,2022-06-12 17:51:19
278,2023-07-04 17:03:23,2023-07-08 08:03:23
279,2023-11-17 05:51:18,2023-11-20 19:51:18
280,2022-08-29 12:52:44,2022-09-02 02:52:44
281,2022-06-27 04:40:13,2022-06-30 23:40:13
282,2022-07-11 18:44:59,2022-07-12 12:44:59
283,2023-05-01 20:46:20,2023-05-04 03:46:20
284,2022-08-11 03:08:30,2022-08-12 14:08:30
285,2023-10-17 22:27:48,2023-10-20 18:27:48
286,2023-06-27 20:27:26,2023-06-30 01:27:26
287,2023-11-06 01:11:44,2023-11-06 12:11:44
288,2024-02-03 11:40:29,2024-02-05 21:40:29
289,2023-12-02 10:38:03,2023-12-04 14:38:03
290,2023-02-07 19:11:31,2023-02-11 11:11:31
291,2024-04-08 23:23:03,2024-04-11 01:23:03
292,2023-05-17 07:17:54,2023-05-20 14:17:54
293,2024-05-04 16:28:41,2024-05-06 19:28:41
294,2022-10-26 13:35:27,2022-10-30 00:35:27
295,2022-10-25 09:13:16,2022-10-28 11:13:16
296,2024-01-19 21:02:17,2024-01-23 02:02:17
297,2023-12-17 22:48:07,2023-12-19 17:48:07
298,2024-03-02 19:41:33,2024-03-03 15:41:33
299,2022-06-17 18:59:28,2022-06-20 08:59:28
300,2022-09-19 11:15:02,2022-09-23 03:15:02
301,2024-04-23 20:25:59,2024-04-26 08:25:59
302,2024-03-07 06:18:28,2024-03-07 16:18:28
303,2022-11-18 13:51:50,2022-11-20 02:51:50
304,2024-02-06 19:09:12,2024-02-09 21:09:12
305,2023-11-23 06:08:35,2023-11-25 12:08:35
306,2023-02-28 04:13:42,2023-02-28 19:13:42
307,2023-04-16 16:21:08,2023-04-17 05:21:08
308,2023-04-25 03:59:21,2023-04-28 06:59:21
309,2024-02-26 04:29:47,2024-03-01 01:29:47
310,2024-05-01 17:43:51,2024-05-03 01:43:51
311,2022-10-29 10:29:35,2022-11-02 13:29:35
312,2023-05-04 01:01:44,2023-05-05 20:01:44
313,2024-03-15 15:41:35,2024-03-16 19:41:35
314,2023-12-18 06:25:20,2023-12-18 19:25:20
315,2023-05-20 19:15:37,2023-05-23 23:15:37
316,2022-09-30 06:36:04,2022-10-01 00:36:04
317,2024-02-13 07:48:37,2024-02-16 04:48:37
318,2024-04-22 00:45:35,2024-04-24 01:45:35
319,2023-03-29 07:14:29,2023-04-01 07:14:29
320,2023-06-21 14:02:46,2023-06-24 12:02:46
321,2022-12-01 03:17:45,2022-12-04 03:17:45
322,2022-08-05 17:58:16,2022-08-07 18:58:16
323,2023-05-05 21:55:06,2023-05-08 23:55:06
324,2023-03-27 05:00:40,2023-03-29 13:00:40
325,2023-05-03 19:39:58,2023-05-07 18:39:58
326,2022-07-28 07:13:32,2022-07-29 19:13:32
327,2023-03-09 12:03:07,2023-03-10 18:03:07
328,2023-11-02 12:31:42,2023-11-06 05:31:42
329,2024-01-16 08:13:16,2024-01-20 12:13:16
330,2023-07-01 03:43:42,2023-07-03 03:43:42
331,2024-01-08 02:45:44,2024-01-10 13:45:44
332,2023-09-12 15:01:02,2023-09-15 22:01:02
333,2023-05-23 14:54:41,2023-05-24 21:54:41
334,2023-09-26 07:06:50,2023-09-27 11:06:50
335,2023-10-08 10:01:24,2023-10-09 18:01:24
336,2024-02-24 02:01:00,2024-02-25 13:01:00
337,2022-06-01 02:02:01,2022-06-02 10:02:01
338,2022-11-07 08:11:20,2022-11-08 14:11:20
339,2023-03-30 10:00:44,2023-03-31 02:00:44
340,2024-03-26 02:49:23,2024-03-27 18:49:23
341,2024-04-20 10:19:20,2024-04-23 11:19:20
342,2023-07-28 16:54:30,2023-07-31 23:54:30
343,2023-02-01 12:52:38,2023-02-01 22:52:38
344,2022-08-31 23:23:34,2022-09-02 08:23:34
345,2023-09-23 11:51:36,2023-09-26 08:51:36
346,2024-05-03 13:19:07,2024-05-05 17:19:07
347,2024-02-09 03:41:31,2024-02-09 21:41:31
348,2022-12-20 18:00:49,2022-12-23 20:00:49
349,2022-10-17 21:41:01,2022-10-21 14:41:01
350,2023-01-10 10:11:32,2023-01-13 18:11:32
351,2022-08-21 07:33:50,2022-08-25 09:33:50
352,2024-04-19 02:47:21,2024-04-22 03:47:21
353,2023-03-06 22:22:47,2023-03-07 12:22:47
354,2022-09-30 20:46:25,2022-10-02 10:46:25
355,2022-11-18 06:45:54,2022-11-19 07:45:54
356,2022-06-29 10:57:26,2022-07-02 17:57:26
357,2022-11-16 11:16:06,2022-11-20 11:16:06
358,2023-03-26 08:54:06,2023-03-29 22:54:06
359,2022-10-27 08:22:18,2022-10-28 15:22:18
360,2024-03-26 09:06:15,2024-03-30 10:06:15
361,2022-06-09 02:50:18,2022-06-09 20:50:18
362,2023-10-26 12:42:04,2023-10-28 07:42:04
363,2024-03-16 00:17:02,2024-03-18 15:17:02
364,2024-04-24 20:00:41,2024-04-28 17:00:41
365,2023-06-27 03:56:09,2023-06-29 02:56:09
366,2022-08-27 14:45:09,2022-08-28 17:45:09
367,2023-03-31 06:39:48,2023-04-01 18:39:48
368,2022-11-08 08:27:57,2022-11-10 20:27:57
369,2024-04-08 16:50:08,2024-04-10 01:50:08
370,2023-11-19 14:18:00,2023-11-21 00:18:00
371,2022-07-31 11:20:11,2022-08-02 05:20:11
372,2022-07-30 21:46:34,2022-08-02 23:46:34
373,2022-09-06 18:11:28,2022-09-10 00:11:28
374,2023-03-10 20:57:26,2023-03-11 06:57:26
375,2022-08-26 05:43:53,2022-08-29 14:43:53
376,2023-04-23 19:35:43,2023-04-24 07:35:43
377,2022-07-30 14:11:16,2022-08-02 13:11:16
378,2022-08-07 03:02:59,2022-08-08 17:02:59
379,2024-05-02 17:52:19,2024-05-03 04:52:19
380,2023-06-22 00:49:44,2023-06-24 22:49:44
381,2022-12-08 07:34:30,2022-12-09 13:34:30
382,2024-02-09 20:55:37,2024-02-10 16:55:37
383,2022-12-20 02:21:47,2022-12-24 01:21:47
384,2022-08-02 15:13:49,2022-08-04 23:13:49
385,2023-12-26 21:46:14,2023-12-27 23:46:14
386,2022-09-15 17:08:41,2022-09-19 01:08:41
387,2022-06-19 13:49:09,2022-06-20 09:49:09
388,2022-12-07 21:15:26,2022-12-11 10:15:26
389,2022-07-29 12:51:39,2022-07-30 06:51:39
390,2023-11-05 07:19:55,2023-11-07 18:19:55
391,2023-05-01 04:37:12,2023-05-01 16:37:12
392,2024-03-30 10:58:19,2024-03-31 20:58:19
393,2022-10-19 19:07:35,2022-10-21 05:07:35
394,2024-01-03 09:17:59,2024-01-04 15:17:59
395,2023-04-09 20:00:10,2023-04-11 02:00:10
396,2023-01-15 18:27:47,2023-01-16 15:27:47
397,2022-06-06 16:50:13,2022-06-08 13:50:13
398,2022-11-14 16:02:06,2022-11-18 13:02:06
399,2022-08-16 18:33:15,2022-08-18 09:33:15
400,2023-04-01 02:31:06,2023-04-03 11:31:06
401,2024-02-25 17:18:33,2024-02-26 16:18:33
402,2023-12-24 06:27:20,2023-12-25 22:27:20
403,2023-09-19 02:21:32,2023-09-21 20:21:32
404,2022-10-13 22:23:37,2022-10-14 14:23:37
405,2022-06-28 07:31:28,2022-06-29 18:31:28
406,2022-11-12 02:10:31,2022-11-14 09:10:31
407,2024-01-23 08:35:17,2024-01-25 03:35:17
408,2023-04-25 05:34:31,2023-04-26 16:34:31
409,2022-06-09 15:42:03,2022-06-11 23:42:03
410,2023-02-10 03:16:34,2023-02-12 18:16:34
411,2024-05-23 07:51:42,2024-05-24 14:51:42
412,2024-04-03 16:49:37,2024-04-07 09:49:37
413,2023-03-07 20:57:10,2023-03-09 23:57:10
414,2022-07-13 09:10:24,2022-07-14 21:10:24
415,2022-11-27 18:18:51,2022-11-29 15:18:51
416,2023-06-01 19:43:17,2023-06-05 15:43:17
417,2024-02-28 20:16:58,2024-03-03 20:16:58
418,2022-10-24 07:29:50,2022-10-26 22:29:50
419,2023-06-18 15:59:43,2023-06-22 15:59:43
420,2024-02-17 23:46:08,2024-02-21 12:46:08
421,2023-01-12 07:28:06,2023-01-15 05:28:06
422,2023-12-16 23:28:02,2023-12-21 02:28:02
423,2022-06-20 07:54:48,2022-06-22 04:54:48
424,2022-09-23 07:43:05,2022-09-24 02:43:05
425,2022-12-25 16:05:11,2022-12-28 00:05:11
426,2023-12-25 05:26:26,2023-12-26 15:26:26
427,2022-06-29 03:11:59,2022-06-29 22:11:59
428,2023-12-31 07:41:31,2024-01-01 07:41:31
429,2023-12-16 15:05:16,2023-12-17 10:05:16
430,2023-08-24 16:26:44,2023-08-28 16:26:44
431,2022-07-22 13:14:08,2022-07-26 10:14:08
432,2023-05-21 11:06:22,2023-05-23 22:06:22
433,2022-11-29 15:27:23,2022-11-30 09:27:23
434,2022-08-04 05:28:13,2022-08-05 04:28:13
435,2024-03-15 18:13:31,2024-03-19 08:13:31
436,2024-04-12 05:49:34,2024-04-14 02:49:34
437,2023-12-29 16:11:26,2023-12-30 23:11:26
438,2022-06-13 15:45:57,2022-06-16 01:45:57
439,2022-09-10 03:52:43,2022-09-10 16:52:43
440,2022-09-09 05:33:09,2022-09-11 09:33:09
441,2022-12-29 10:15:01,2022-12-30 03:15:01
442,2023-01-17 03:04:15,2023-01-17 23:04:15
443,2023-06-04 22:19:20,2023-06-06 15:19:20
444,2022-12-31 07:28:27,2023-01-02 19:28:27
445,2022-09-29 07:34:50,2022-10-01 09:34:50
446,2022-07-30 14:49:38,2022-07-31 01:49:38
447,2022-12-25 09:21:38,2022-12-26 19:21:38
448,2023-04-04 05:13:25,2023-04-06 04:13:25
449,2024-03-21 12:50:13,2024-03-23 18:50:13
450,2023-04-21 07:01:04,2023-04-24 10:01:04
451,2023-02-14 06:20:17,2023-02-15 14:20:17
452,2022-06-05 20:54:10,2022-06-08 23:54:10
453,2022-10-19 15:59:49,2022-10-23 07:59:49
454,2023-09-05 08:04:11,2023-09-08 01:04:11
455,2022-12-12 01:54:51,2022-12-15 04:54:51
456,2023-02-22 18:34:36,2023-02-26 04:34:36
457,2022-10-29 11:24:00,2022-10-31 09:24:00
458,2023-04-14 20:02:06,2023-04-16 02:02:06
459,2023-04-16 13:29:24,2023-04-20 10:29:24
460,2023-05-15 20:26:59,2023-05-18 20:26:59
461,2022-11-02 13:18:31,2022-11-03 02:18:31
462,2022-10-13 14:11:27,2022-10-14 04:11:27
463,2023-02-25 14:32:46,2023-02-26 17:32:46
464,2022-08-06 06:18:09,2022-08-07 09:18:09
465,2022-10-19 19:04:07,2022-10-23 18:04:07
466,2022-10-01 07:13:38,2022-10-02 16:13:38
467,2023-03-18 04:32:40,2023-03-19 22:32:40
468,2023-03-12 03:39:42,2023-03-15 15:39:42
469,2024-04-27 11:02:17,2024-04-29 20:02:17
470,2024-04-15 12:39:57,2024-04-19 16:39:57
471,2024-03-24 04:55:07,2024-03-26 14:55:07
472,2023-12-24 21:05:08,2023-12-26 23:05:08
473,2024-05-02 19:08:00,2024-05-04 14:08:00
474,2022-11-29 23:23:27,2022-12-03 12:23:27
475,2022-10-12 13:49:07,2022-10-13 21:49:07
476,2022-10-11 00:10:38,2022-10-15 04:10:38
477,2022-11-23 08:57:59,2022-11-26 13:57:59
478,2023-01-25 00:37:02,2023-01-27 12:37:02
479,2023-06-09 13:30:28,2023-06-13 06:30:28
480,2024-05-09 05:09:46,2024-05-10 03:09:46
481,2024-02-06 12:00:04,2024-02-07 01:00:04
482,2022-11-09 22:31:04,2022-11-10 23:31:04
483,2024-02-06 12:41:52,2024-02-09 15:41:52
484,2022-05-31 10:01:20,2022-06-04 00:01:20
485,2023-06-07 11:57:08,2023-06-11 00:57:08
486,2022-11-06 12:45:42,2022-11-07 18:45:42
487,2022-06-04 16:05:14,2022-06-05 06:05:14
488,2023-07-14 03:45:52,2023-07-17 14:45:52
489,2024-01-10 07:46:12,2024-01-10 20:46:12
490,2024-03-27 08:03:51,2024-03-28 08:03:51
491,2024-01-17 08:14:53,2024-01-21 11:14:53
492,2024-01-18 11:28:19,2024-01-21 21:28:19
493,2024-02-22 13:33:00,2024-02-23 07:33:00
494,2024-04-22 22:17:15,2024-04-23 09:17:15
495,2022-11-05 09:56:18,2022-11-09 06:56:18
496,2023-02-03 17:27:59,2023-02-05 18:27:59
497,2023-09-12 20:54:54,2023-09-16 06:54:54
498,2023-04-07 06:54:38,2023-04-10 17:54:38
499,2023-09-21 11:25:03,2023-09-25 05:25:03
500,2023-08-14 03:15:09,2023-08-15 15:15:09
501,2023-04-29 18:04:53,2023-05-02 08:04:53
502,2023-10-12 08:12:09,2023-10-15 18:12:09
503,2024-01-08 00:11:09,2024-01-10 14:11:09
504,2022-12-08 23:00:35,2022-12-12 13:00:35
505,2024-01-26 01:18:02,2024-01-28 08:18:02
506,2024-01-02 00:26:43,2024-01-03 02:26:43
507,2023-05-01 12:29:45,2023-05-02 03:29:45
508,2022-10-16 08:13:13,2022-10-18 23:13:13
509,2022-07-27 08:58:19,2022-07-29 08:58:19
510,2023-05-03 04:45:59,2023-05-05 22:45:59
511,2022-12-25 22:13:10,2022-12-27 09:13:10
512,2023-09-08 04:27:59,2023-09-11 16:27:59
513,2023-10-19 03:07:44,2023-10-22 16:07:44
514,2024-03-21 06:23:54,2024-03-24 07:23:54
515,2023-05-30 08:18:13,2023-06-01 06:18:13
516,2023-04-03 22:08:40,2023-04-06 23:08:40
517,2022-06-18 19:24:32,2022-06-19 08:24:32
518,2024-02-01 10:21:15,2024-02-01 21:21:15
519,2023-02-11 06:25:30,2023-02-15 00:25:30
520,2024-04-24 21:03:43,2024-04-26 13:03:43
521,2022-10-30 15:02:58,2022-11-01 09:02:58
522,2023-07-20 16:24:37,2023-07-21 19:24:37
523,2022-07-17 08:05:02,2022-07-20 13:05:02
524,2023-02-12 14:15:40,2023-02-15 13:15:40
525,2023-04-19 13:02:07,2023-04-22 08:02:07
526,2022-09-20 20:28:49,2022-09-21 14:28:49
527,2023-10-28 16:50:37,2023-11-01 17:50:37
528,2024-05-13 12:58:30,2024-05-16 13:58:30
529,2023-06-16 06:44:15,2023-06-17 12:44:15
530,2023-11-06 05:19:08,2023-11-07 00:19:08
531,2024-03-10 19:09:48,2024-03-11 23:09:48
532,2024-03-26 13:22:59,2024-03-27 13:22:59
533,2022-10-01 08:58:45,2022-10-03 02:58:45
534,2022-10-23 08:04:46,2022-10-24 02:04:46
535,2023-10-17 13:09:57,2023-10-20 15:09:57
536,2022-12-07 14:54:25,2022-12-10 06:54:25
537,2023-03-30 18:16:28,2023-03-31 10:16:28
538,2023-08-06 23:30:29,2023-08-07 11:30:29
539,2022-06-22 04:47:29,2022-06-25 11:47:29
540,2023-01-07 18:42:39,2023-01-10 12:42:39
541,2023-04-24 19:47:06,2023-04-26 11:47:06
542,2023-10-28 08:37:41,2023-10-30 22:37:41
543,2023-12-07 23:15:05,2023-12-09 16:15:05
544,2022-12-26 07:51:29,2022-12-29 08:51:29
545,2024-05-19 04:51:45,2024-05-21 00:51:45
546,2024-05-17 14:12:41,2024-05-21 05:12:41
547,2023-10-17 01:06:18,2023-10-19 03:06:18
548,2023-03-26 04:10:38,2023-03-27 19:10:38
549,2023-02-05 17:34:07,2023-02-06 03:34:07
550,2022-06-01 03:08:19,2022-06-01 20:08:19
551,2023-01-15 08:08:46,2023-01-18 05:08:46
552,2023-11-22 04:10:14,2023-11-24 13:10:14
553,2023-08-14 23:52:44,2023-08-17 22:52:44
554,2024-03-19 18:05:18,2024-03-21 11:05:18
555,2023-12-23 20:57:36,2023-12-25 12:57:36
556,2023-02-28 11:44:20,2023-03-03 07:44:20
557,2023-02-21 08:55:42,2023-02-24 02:55:42
558,2022-10-20 17:31:26,2022-10-22 13:31:26
559,2024-05-16 02:36:57,2024-05-18 17:36:57
560,2023-08-14 23:35:22,2023-08-16 18:35:22
561,2023-04-15 02:54:30,2023-04-17 05:54:30
562,2023-09-16 15:51:44,2023-09-17 15:51:44
563,2023-06-09 19:35:13,2023-06-10 21:35:13
564,2023-03-17 13:23:53,2023-03-19 19:23:53
565,2022-07-05 15:07:48,2022-07-06 15:07:48
566,2023-02-06 12:05:39,2023-02-08 22:05:39
567,2022-12-24 22:01:52,2022-12-27 16:01:52
568,2023-04-16 11:02:09,2023-04-20 02:02:09
569,2023-06-29 21:03:12,2023-07-03 10:03:12
570,2022-12-20 13:41:00,2022-12-21 07:41:00
571,2023-09-09 04:12:00,2023-09-10 01:12:00
572,2022-07-26 16:26:14,2022-07-27 07:26:14
573,2024-05-19 16:38:52,2024-05-22 01:38:52
574,2023-06-27 10:01:16,2023-06-29 15:01:16
575,2022-12-04 03:56:58,2022-12-06 10:56:58
576,2023-08-07 07:04:17,2023-08-07 19:04:17
577,2023-11-12 06:16:00,2023-11-13 01:16:00
578,2022-06-26 14:01:28,2022-06-28 14:01:28
579,2024-03-25 05:17:09,2024-03-28 11:17:09
580,2023-06-29 23:49:22,2023-07-02 00:49:22
581,2023-04-16 06:24:17,2023-04-17 21:24:17
582,2024-05-01 06:23:39,2024-05-03 07:23:39
583,2022-06-10 13:42:18,2022-06-11 07:42:18
584,2023-06-20 11:21:30,2023-06-24 03:21:30
585,2023-08-15 16:36:20,2023-08-17 22:36:20
586,2023-03-29 04:47:06,2023-04-01 11:47:06
587,2024-04-30 15:52:07,2024-05-01 02:52:07
588,2024-02-24 22:54:56,2024-02-27 14:54:56
589,2023-02-28 06:34:41,2023-03-02 04:34:41
590,2022-09-07 13:25:00,2022-09-09 07:25:00
591,2022-07-19 04:33:18,2022-07-20 09:33:18
592,2023-10-29 19:30:02,2023-11-01 10:30:02
593,2022-11-26 08:15:11,2022-11-30 02:15:11
594,2023-05-08 13:54:03,2023-05-12 00:54:03
595,2022-08-26 15:59:43,2022-08-27 11:59:43
596,2024-05-05 13:59:33,2024-05-09 11:59:33
597,2023-12-27 20:08:37,2023-12-29 02:08:37
598,2023-09-16 23:09:21,2023-09-17 10:09:21
599,2022-07-10 07:32:44,2022-07-12 09:32:44
600,2024-04-29 08:00:30,2024-04-30 13:00:30
601,2022-07-13 01:41:28,2022-07-13 19:41:28
602,2023-09-13 16:59:25,2023-09-16 02:59:25
603,2022-11-29 01:38:57,2022-11-29 13:38:57
604,2023-10-19 23:11:09,2023-10-20 17:11:09
605,2022-10-15 23:07:44,2022-10-17 09:07:44
606,2022-08-17 13:43:38,2022-08-20 01:43:38
607,2023-11-17 00:59:19,2023-11-20 18:59:19
608,2023-06-10 04:14:18,2023-06-11 13:14:18
609,2022-10-28 19:19:49,2022-10-30 07:19:49
610,2024-03-30 18:55:38,2024-03-31 10:55:38
611,2023-09-01 13:47:03,2023-09-04 02:47:03
612,2024-01-05 08:29:49,2024-01-06 03:29:49
613,2023-06-07 09:53:27,2023-06-08 06:53:27
614,2023-10-24 05:35:25,2023-10-27 00:35:25
615,2023-12-27 04:18:27,2023-12-28 09:18:27
616,2024-04-03 17:41:17,2024-04-06 14:41:17
617,2022-11-06 04:55:06,2022-11-08 18:55:06
618,2023-10-23 14:13:14,2023-10-24 08:13:14
619,2023-08-06 04:43:51,2023-08-10 05:43:51
620,2023-12-18 02:22:45,2023-12-18 18:22:45
621,2023-12-14 17:22:44,2023-12-17 07:22:44
622,2022-12-01 11:43:27,2022-12-04 01:43:27
623,2023-03-18 14:37:24,2023-03-20 04:37:24
624,2022-10-17 23:03:51,2022-10-19 09:03:51
625,2023-10-16 03:22:26,2023-10-19 00:22:26
626,2023-05-04 05:07:41,2023-05-06 08:07:41
627,2022-10-17 11:05:27,2022-10-18 07:05:27
628,2022-10-02 03:11:29,2022-10-03 16:11:29
629,2023-05-17 10:53:40,2023-05-20 00:53:40
630,2024-02-29 06:28:50,2024-03-01 22:28:50
631,2022-11-26 02:51:00,2022-11-30 03:51:00
632,2023-01-16 05:44:10,2023-01-19 04:44:10
633,2024-02-19 12:23:20,2024-02-20 21:23:20
634,2023-09-17 03:29:46,2023-09-19 08:29:46
635,2022-11-04 11:20:51,2022-11-05 15:20:51
636,2022-09-12 13:38:16,2022-09-13 02:38:16
637,2023-04-03 17:18:26,2023-04-04 08:18:26
638,2022-09-18 13:20:11,2022-09-19 16:20:11
639,2023-03-20 21:16:09,2023-03-22 15:16:09
640,2022-07-17 13:47:42,2022-07-20 06:47:42
641,2023-04-19 18:07:50,2023-04-21 00:07:50
642,2023-03-13 05:41:01,2023-03-13 20:41:01
643,2022-09-30 11:38:08,2022-10-02 12:38:08
644,2023-11-03 17:02:06,2023-11-06 17:02:06
645,2022-07-28 09:53:09,2022-07-31 04:53:09
646,2024-05-05 06:39:52,2024-05-07 00:39:52
647,2022-12-27 02:37:59,2022-12-29 12:37:59
648,2024-01-14 12:28:45,2024-01-15 10:28:45
649,2023-08-29 11:53:23,2023-08-30 22:53:23
650,2022-08-02 19:31:51,2022-08-06 05:31:51
651,2023-08-17 08:36:01,2023-08-19 06:36:01
652,2023-08-01 06:01:42,2023-08-02 09:01:42
653,2023-05-28 18:48:51,2023-05-31 15:48:51
654,2024-05-02 14:18:19,2024-05-03 08:18:19
655,2023-12-24 01:59:48,2023-12-26 00:59:48
656,2023-11-26 23:59:10,2023-11-30 11:59:10
657,2024-05-06 19:08:04,2024-05-08 21:08:04
658,2023-01-19 07:44:35,2023-01-21 08:44:35
659,2023-02-18 13:22:35,2023-02-22 17:22:35
660,2022-11-16 08:30:16,2022-11-19 15:30:16
661,2023-12-03 04:14:05,2023-12-06 04:14:05
662,2022-05-29 05:06:29,2022-05-31 07:06:29
663,2023-11-23 12:07:02,2023-11-25 04:07:02
664,2022-09-25 15:23:10,2022-09-28 09:23:10
665,2022-06-18 19:17:22,2022-06-21 16:17:22
666,2023-12-23 08:38:33,2023-12-25 16:38:33
667,2022-12-21 02:22:39,2022-12-23 01:22:39
668,2022-11-18 15:48:01,2022-11-22 12:48:01
669,2022-12-21 12:11:27,2022-12-22 05:11:27
670,2023-12-12 04:24:59,2023-12-15 18:24:59
671,2024-02-21 13:41:57,2024-02-22 05:41:57
672,2024-01-23 09:38:08,2024-01-24 17:38:08
673,2023-05-07 12:37:34,2023-05-08 22:37:34
674,2022-11-10 15:12:21,2022-11-12 04:12:21
675,2023-12-03 16:21:56,2023-12-05 09:21:56
676,2023-06-01 13:26:38,2023-06-03 21:26:38
677,2023-07-26 00:09:55,2023-07-27 03:09:55
678,2024-04-17 22:49:31,2024-04-21 14:49:31
679,2023-09-16 04:46:20,2023-09-19 18:46:20
680,2023-10-07 01:40:01,2023-10-10 23:40:01
681,2023-02-14 09:29:31,2023-02-14 20:29:31
682,2023-02-01 18:06:30,2023-02-03 06:06:30
683,2022-11-25 02:54:58,2022-11-26 00:54:58
684,2022-06-12 05:36:04,2022-06-15 23:36:04
685,2023-10-01 14:59:39,2023-10-03 09:59:39
686,2023-07-28 06:11:04,2023-08-01 07:11:04
687,2023-10-11 10:05:09,2023-10-14 21:05:09
688,2023-11-04 02:28:28,2023-11-07 01:28:28
689,2023-05-06 10:27:48,2023-05-09 12:27:48
690,2022-09-29 17:41:06,2022-09-30 23:41:06
691,2023-11-22 15:32:14,2023-11-26 00:32:14
692,2022-11-04 16:49:18,2022-11-08 09:49:18
693,2023-08-08 17:00:24,2023-08-10 21:00:24
694,2024-03-13 02:12:08,2024-03-17 02:12:08
695,2022-07-27 13:43:22,2022-07-29 06:43:22
696,2023-12-20 16:30:26,2023-12-23 23:30:26
697,2023-03-03 06:26:55,2023-03-06 09:26:55
698,2023-07-21 20:16:52,2023-07-22 22:16:52
699,2023-02-01 12:38:30,2023-02-03 23:38:30
700,2022-06-10 08:28:40,2022-06-11 04:28:40
701,2024-04-06 06:39:18,2024-04-08 15:39:18
702,2023-10-08 10:33:23,2023-10-09 06:33:23
703,2022-06-11 02:12:40,2022-06-12 15:12:40
704,2023-03-02 13:21:05,2023-03-04 19:21:05
705,2023-05-25 19:50:21,2023-05-27 12:50:21
706,2023-11-05 20:44:27,2023-11-07 15:44:27
707,2024-01-30 18:13:22,2024-02-02 14:13:22
708,2023-07-16 05:18:35,2023-07-19 19:18:35
709,2024-05-24 05:54:33,2024-05-25 00:54:33
710,2023-11-01 09:45:30,2023-11-02 16:45:30
711,2022-10-18 22:09:50,2022-10-22 14:09:50
712,2023-09-13 18:43:28,2023-09-15 09:43:28
713,2024-03-13 19:01:07,2024-03-15 15:01:07
714,2024-01-27 08:40:35,2024-01-28 12:40:35
715,2022-06-05 13:32:52,2022-06-07 08:32:52
716,2024-01-16 15:35:09,2024-01-20 05:35:09
717,2024-03-02 03:44:06,2024-03-04 18:44:06
718,2022-12-25 19:54:54,2022-12-27 09:54:54
719,2023-04-20 06:26:12,2023-04-22 13:26:12
720,2023-09-08 13:40:19,2023-09-11 10:40:19
721,2022-08-29 14:33:20,2022-08-30 04:33:20
722,2023-04-12 21:27:49,2023-04-16 14:27:49
723,2023-10-08 03:11:14,2023-10-09 20:11:14
724,2023-04-27 21:48:39,2023-05-01 07:48:39
725,2023-09-09 14:37:15,2023-09-13 08:37:15
726,2022-12-18 21:18:55,2022-12-21 21:18:55
727,2024-04-09 04:46:15,2024-04-09 18:46:15
728,2023-08-08 04:02:22,2023-08-09 23:02:22
729,2023-05-31 16:28:19,2023-06-04 16:28:19
730,2022-08-22 02:15:28,2022-08-23 09:15:28
731,2023-11-04 19:19:39,2023-11-08 15:19:39
732,2024-02-04 16:44:01,2024-02-05 17:44:01
733,2022-07-21 08:01:05,2022-07-25 01:01:05
734,2023-08-03 19:17:05,2023-08-05 02:17:05
735,2024-02-26 08:18:16,2024-02-29 05:18:16
736,2022-06-26 22:42:47,2022-06-27 17:42:47
737,2023-12-22 13:47:33,2023-12-23 00:47:33
738,2022-10-31 18:16:57,2022-11-03 14:16:57
739,2022-06-11 12:58:25,2022-06-15 04:58:25
740,2024-03-27 22:25:55,2024-03-28 21:25:55
741,2022-10-20 08:32:20,2022-10-24 11:32:20
742,2024-05-20 05:47:58,2024-05-23 20:47:58
743,2024-03-18 20:35:37,2024-03-21 06:35:37
744,2023-06-13 16:52:53,2023-06-16 03:52:53
745,2023-02-04 17:12:52,2023-02-06 21:12:52
746,2023-06-09 23:45:49,2023-06-10 19:45:49
747,2023-02-20 15:29:10,2023-02-22 01:29:10
748,2022-11-30 05:01:00,2022-12-01 09:01:00
749,2023-10-21 14:19:12,2023-10-23 20:19:12
750,2023-02-17 23:36:25,2023-02-21 23:36:25
751,2023-09-15 09:41:29,2023-09-16 20:41:29
752,2023-01-29 16:24:38,2023-01-31 16:24:38
753,2023-04-28 02:58:53,2023-05-01 14:58:53
754,2023-10-11 13:24:08,2023-10-12 05:24:08
755,2023-08-25 15:26:10,2023-08-29 03:26:10
756,2023-03-05 23:19:08,2023-03-08 17:19:08
757,2022-12-03 17:34:03,2022-12-07 07:34:03
758,2023-11-01 13:19:14,2023-11-03 22:19:14
759,2022-06-13 13:33:55,2022-06-17 16:33:55
760,2024-01-20 12:37:03,2024-01-23 09:37:03
761,2023-12-25 23:08:27,2023-12-26 16:08:27
762,2023-09-20 06:37:13,2023-09-24 00:37:13
763,2023-10-16 04:36:55,2023-10-17 01:36:55
764,2023-12-02 15:46:26,2023-12-04 03:46:26
765,2022-11-18 18:18:16,2022-11-22 13:18:16
766,2023-03-20 13:04:45,2023-03-23 07:04:45
767,2022-10-21 15:53:51,2022-10-22 05:53:51
768,2022-07-09 18:04:30,2022-07-11 05:04:30
769,2023-09-26 07:58:10,2023-09-28 09:58:10
770,2024-03-28 00:59:14,2024-03-29 03:59:14
771,2023-05-31 10:33:14,2023-06-02 20:33:14
772,2023-01-01 04:53:12,2023-01-03 08:53:12
773,2024-03-27 10:39:58,2024-03-28 17:39:58
774,2022-10-03 20:22:39,2022-10-06 02:22:39
775,2022-09-04 18:17:54,2022-09-06 00:17:54
776,2022-08-18 17:26:57,2022-08-20 08:26:57
777,2024-02-22 18:30:58,2024-02-25 19:30:58
778,2024-02-25 00:26:28,2024-02-27 02:26:28
779,2022-12-17 08:36:44,2022-12-18 18:36:44
780,2024-05-05 22:09:49,2024-05-09 17:09:49
781,2024-04-09 18:57:06,2024-04-11 23:57:06
782,2023-04-11 07:06:24,2023-04-15 10:06:24
783,2023-10-23 03:24:52,2023-10-27 01:24:52
784,2024-05-04 23:00:00,2024-05-06 03:00:00
785,2023-11-18 21:25:44,2023-11-22 23:25:44
786,2022-08-15 10:21:48,2022-08-16 02:21:48
787,2023-02-28 18:16:15,2023-03-04 00:16:15
788,2022-06-27 05:25:04,2022-06-30 10:25:04
789,2023-05-13 05:27:02,2023-05-15 17:27:02
790,2024-03-25 16:47:14,2024-03-26 02:47:14
791,2023-12-12 22:37:09,2023-12-14 12:37:09
792,2022-08-10 06:53:16,2022-08-10 23:53:16
793,2023-03-21 09:22:39,2023-03-25 04:22:39
794,2023-12-01 05:13:58,2023-12-04 16:13:58
795,2022-12-26 20:17:17,2022-12-28 04:17:17
796,2022-07-11 01:04:15,2022-07-13 10:04:15
797,2022-12-20 19:16:41,2022-12-23 07:16:41
798,2022-08-04 16:32:41,2022-08-05 10:32:41
799,2022-11-27 22:34:08,2022-11-28 12:34:08
800,2023-01-15 16:00:48,2023-01-16 14:00:48
801,2023-05-22 12:06:02,2023-05-24 17:06:02
802,2023-10-22 22:05:36,2023-10-25 02:05:36
803,2023-04-12 22:42:36,2023-04-13 14:42:36
804,2024-04-27 10:04:22,2024-04-28 12:04:22
805,2023-01-08 22:15:40,2023-01-09 18:15:40
806,2022-10-18 04:50:52,2022-10-19 12:50:52
807,2023-09-04 23:01:41,2023-09-06 13:01:41
808,2024-03-22 03:49:46,2024-03-23 12:49:46
809,2022-09-18 16:24:43,2022-09-22 00:24:43
810,2022-07-12 17:11:33,2022-07-14 03:11:33
811,2023-06-25 05:31:47,2023-06-27 18:31:47
812,2023-02-26 13:05:43,2023-03-01 05:05:43
813,2024-03-24 23:59:44,2024-03-26 06:59:44
814,2023-04-01 15:09:50,2023-04-03 19:09:50
815,2022-06-21 10:13:08,2022-06-24 05:13:08
816,2024-05-15 17:16:04,2024-05-19 05:16:04
817,2023-01-03 08:25:14,2023-01-05 01:25:14
818,2022-08-25 19:26:25,2022-08-29 05:26:25
819,2023-07-08 07:32:36,2023-07-09 08:32:36
820,2023-06-10 15:31:52,2023-06-14 09:31:52
821,2023-12-27 06:52:03,2023-12-31 06:52:03
822,2023-11-19 00:55:04,2023-11-19 12:55:04
823,2023-04-28 23:51:16,2023-05-01 19:51:16
824,2022-11-17 08:10:36,2022-11-19 19:10:36
825,2023-02-05 05:58:22,2023-02-08 01:58:22
826,2024-01-16 10:02:49,2024-01-17 11:02:49
827,2022-10-06 17:22:06,2022-10-08 00:22:06
828,2022-08-02 07:02:43,2022-08-02 18:02:43
829,2024-04-24 23:23:20,2024-04-27 14:23:20
830,2022-07-14 03:57:04,2022-07-16 01:57:04
831,2023-04-23 04:00:15,2023-04-23 22:00:15
832,2023-08-15 15:13:02,2023-08-16 16:13:02
833,2022-07-25 12:38:02,2022-07-27 12:38:02
834,2022-07-25 14:59:17,2022-07-28 02:59:17
835,2024-03-01 04:52:03,2024-03-05 07:52:03
836,2022-12-23 20:31:56,2022-12-26 12:31:56
837,2023-08-19 15:14:55,2023-08-21 21:14:55
838,2023-08-28 21:21:57,2023-08-30 05:21:57
839,2023-06-26 07:08:33,2023-06-27 22:08:33
840,2024-01-20 01:55:59,2024-01-23 14:55:59
841,2024-05-22 19:31:05,2024-05-23 11:31:05
842,2023-10-30 04:40:32,2023-10-31 19:40:32
843,2022-07-16 12:34:04,2022-07-17 23:34:04
844,2023-06-04 05:41:21,2023-06-06 13:41:21
845,2024-01-21 12:06:00,2024-01-23 05:06:00
846,2022-09-20 00:19:39,2022-09-22 17:19:39
847,2023-02-15 20:27:26,2023-02-16 09:27:26
848,2024-02-10 10:13:30,2024-02-12 01:13:30
849,2023-12-07 10:34:55,2023-12-08 09:34:55
850,2022-06-26 03:17:58,2022-06-29 00:17:58
851,2023-06-29 04:06:20,2023-07-03 04:06:20
852,2022-09-23 08:35:27,2022-09-26 07:35:27
853,2022-08-02 02:19:07,2022-08-02 18:19:07
854,2022-08-01 22:40:52,2022-08-05 06:40:52
855,2023-05-08 11:55:54,2023-05-09 16:55:54
856,2024-03-03 12:16:24,2024-03-07 00:16:24
857,2024-04-11 09:34:47,2024-04-13 18:34:47
858,2024-03-09 21:07:12,2024-03-11 02:07:12
859,2022-10-12 10:11:02,2022-10-16 08:11:02
860,2023-09-16 10:03:01,2023-09-19 08:03:01
861,2022-08-26 18:19:37,2022-08-28 11:19:37
862,2022-09-23 01:59:18,2022-09-25 07:59:18
863,2022-12-15 06:04:33,2022-12-17 21:04:33
864,2023-07-08 14:58:23,2023-07-12 12:58:23
865,2022-11-25 21:11:33,2022-11-28 21:11:33
866,2024-01-08 22:09:56,2024-01-12 10:09:56
867,2023-08-05 16:24:23,2023-08-07 13:24:23
868,2022-10-14 20:16:23,2022-10-18 06:16:23
869,2023-03-20 17:24:27,2023-03-21 06:24:27
870,2023-03-22 04:53:22,2023-03-26 05:53:22
871,2023-06-21 01:53:17,2023-06-21 16:53:17
872,2023-03-16 06:22:52,2023-03-18 16:22:52
873,2022-10-12 23:18:02,2022-10-16 21:18:02
874,2023-10-30 05:27:32,2023-11-01 21:27:32
875,2022-10-16 14:11:59,2022-10-17 18:11:59
876,2022-08-28 09:05:25,2022-08-29 02:05:25
877,2022-09-19 13:33:50,2022-09-23 05:33:50
878,2023-03-09 14:03:17,2023-03-11 03:03:17
879,2022-07-17 15:11:17,2022-07-21 19:11:17
880,2023-01-22 22:14:49,2023-01-26 19:14:49
881,2023-06-14 14:21:01,2023-06-16 10:21:01
882,2024-04-16 12:33:39,2024-04-18 02:33:39
883,2023-07-28 06:32:55,2023-08-01 02:32:55
884,2022-12-10 04:32:50,2022-12-13 15:32:50
885,2023-12-24 16:04:22,2023-12-27 18:04:22
886,2023-11-02 08:48:30,2023-11-05 08:48:30
887,2023-06-16 17:42:29,2023-06-20 05:42:29
888,2022-06-10 19:04:22,2022-06-14 09:04:22
889,2023-08-27 09:08:57,2023-08-31 02:08:57
890,2023-01-27 20:28:40,2023-02-01 00:28:40
891,2023-01-18 18:36:42,2023-01-21 23:36:42
892,2024-02-06 18:01:03,2024-02-09 06:01:03
893,2023-02-09 22:55:58,2023-02-11 15:55:58
894,2022-06-27 04:25:15,2022-06-27 18:25:15
895,2022-09-24 17:05:36,2022-09-26 20:05:36
896,2022-07-08 03:58:58,2022-07-08 13:58:58
897,2023-04-30 18:12:23,2023-05-01 07:12:23
898,2022-07-20 23:06:12,2022-07-22 14:06:12
899,2022-10-22 10:54:45,2022-10-26 06:54:45
900,2023-03-29 22:44:33,2023-04-01 01:44:33
901,2023-12-11 23:36:22,2023-12-15 21:36:22
902,2024-05-20 10:49:40,2024-05-21 06:49:40
903,2023-06-23 20:07:42,2023-06-26 22:07:42
904,2023-05-18 15:35:30,2023-05-20 04:35:30
905,2024-03-24 08:43:50,2024-03-27 00:43:50
906,2023-08-06 14:46:20,2023-08-07 14:46:20
907,2024-03-12 21:20:08,2024-03-14 17:20:08
908,2023-03-08 04:26:08,2023-03-10 11:26:08
909,2022-06-18 02:39:29,2022-06-18 18:39:29
910,2024-03-19 05:11:09,2024-03-21 07:11:09
911,2022-06-17 14:50:11,2022-06-21 08:50:11
912,2024-01-30 23:11:32,2024-02-02 02:11:32
913,2022-10-16 04:55:50,2022-10-18 21:55:50
914,2022-10-14 16:39:19,2022-10-18 10:39:19
915,2024-03-22 04:08:23,2024-03-23 07:08:23
916,2022-08-03 08:25:24,2022-08-04 17:25:24
917,2022-12-04 12:42:57,2022-12-06 00:42:57
918,2022-09-19 23:28:30,2022-09-21 08:28:30
919,2022-06-20 08:54:19,2022-06-23 23:54:19
920,2022-07-17 20:46:53,2022-07-20 21:46:53
921,2023-02-01 07:49:13,2023-02-02 11:49:13
922,2023-11-24 18:54:10,2023-11-26 03:54:10
923,2023-12-12 18:08:08,2023-12-13 08:08:08
924,2023-12-07 17:17:05,2023-12-08 06:17:05
925,2023-05-05 21:25:44,2023-05-08 20:25:44
926,2023-09-23 15:42:34,2023-09-25 07:42:34
927,2024-04-27 10:00:17,2024-04-28 21:00:17
928,2022-12-07 01:17:46,2022-12-10 22:17:46
929,2024-04-29 00:24:37,2024-05-01 19:24:37
930,2022-11-11 23:03:06,2022-11-13 18:03:06
931,2023-11-20 14:49:16,2023-11-22 17:49:16
932,2022-08-20 11:51:23,2022-08-21 18:51:23
933,2022-06-16 08:07:42,2022-06-17 23:07:42
934,2022-12-16 02:17:41,2022-12-19 15:17:41
935,2022-11-07 23:09:58,2022-11-08 11:09:58
936,2024-05-11 15:30:38,2024-05-13 23:30:38
937,2022-12-08 11:56:05,2022-12-10 10:56:05
938,2022-10-13 02:05:11,2022-10-15 11:05:11
939,2023-03-06 21:58:33,2023-03-08 18:58:33
940,2023-03-21 08:02:34,2023-03-22 08:02:34
941,2022-07-31 22:18:21,2022-08-04 20:18:21
942,2022-06-08 04:10:46,2022-06-11 08:10:46
943,2022-06-14 05:21:22,2022-06-17 11:21:22
944,2023-02-24 03:32:34,2023-02-28 05:32:34
945,2022-11-07 12:23:27,2022-11-11 12:23:27
946,2024-02-01 12:39:53,2024-02-01 23:39:53
947,2024-05-10 11:40:34,2024-05-11 18:40:34
948,2023-09-30 22:56:43,2023-10-02 15:56:43
949,2023-04-15 07:13:48,2023-04-17 09:13:48
950,2023-06-18 08:48:04,2023-06-20 15:48:04
951,2023-01-16 02:13:44,2023-01-18 15:13:44
952,2023-05-15 16:05:09,2023-05-19 16:05:09
953,2022-08-24 20:49:56,2022-08-28 19:49:56
954,2022-08-11 22:58:17,2022-08-15 13:58:17
955,2022-09-29 02:41:30,2022-09-30 17:41:30
956,2022-10-27 10:08:24,2022-10-31 06:08:24
957,2022-06-23 15:00:33,2022-06-24 01:00:33
958,2024-02-29 12:10:08,2024-03-01 18:10:08
959,2023-02-16 04:18:40,2023-02-18 23:18:40
960,2024-04-15 02:35:45,2024-04-16 20:35:45
961,2022-10-17 13:02:19,2022-10-18 01:02:19
962,2023-10-02 12:33:55,2023-10-06 07:33:55
963,2024-05-18 13:21:49,2024-05-19 13:21:49
964,2024-03-09 07:11:23,2024-03-11 00:11:23
965,2022-06-24 20:43:39,2022-06-25 07:43:39
966,2022-08-21 12:40:41,2022-08-22 16:40:41
967,2024-04-03 16:01:12,2024-04-06 21:01:12
968,2023-03-31 13:19:51,2023-04-03 05:19:51
969,2023-08-15 13:12:22,2023-08-18 12:12:22
970,2022-11-17 12:08:37,2022-11-18 19:08:37
971,2023-09-25 21:40:44,2023-09-26 09:40:44
972,2023-04-14 08:07:15,2023-04-18 09:07:15
973,2023-05-02 08:22:13,2023-05-02 21:22:13
974,2022-11-15 22:37:20,2022-11-19 12:37:20
975,2024-03-16 18:42:37,2024-03-17 17:42:37
976,2023-07-28 06:09:21,2023-07-30 12:09:21
977,2023-10-05 19:24:45,2023-10-09 19:24:45
978,2023-01-08 06:30:16,2023-01-10 06:30:16
979,2023-01-20 01:17:02,2023-01-20 13:17:02
980,2022-07-20 02:57:38,2022-07-21 10:57:38
981,2022-06-04 21:36:29,2022-06-08 17:36:29
982,2022-07-02 14:36:53,2022-07-04 11:36:53
983,2023-02-01 11:06:16,2023-02-03 13:06:16
984,2023-04-12 18:24:48,2023-04-15 22:24:48
985,2023-03-14 11:58:11,2023-03-17 07:58:11
986,2023-09-30 10:34:50,2023-10-03 18:34:50
987,2022-06-25 18:02:55,2022-06-27 15:02:55
988,2024-05-12 09:27:26,2024-05-14 17:27:26
989,2022-12-25 01:02:02,2022-12-25 21:02:02
990,2023-10-18 23:21:35,2023-10-20 03:21:35
991,2023-08-05 07:02:59,2023-08-06 02:02:59
992,2024-01-21 14:48:54,2024-01-22 02:48:54
993,2023-03-13 23:13:12,2023-03-15 09:13:12
994,2023-02-02 05:48:55,2023-02-02 20:48:55
995,2023-09-27 14:27:30,2023-09-28 22:27:30
996,2022-10-29 21:57:29,2022-11-01 00:57:29
997,2023-06-22 08:53:01,2023-06-23 20:53:01
998,2024-01-22 13:36:15,2024-01-22 23:36:15
999,2023-06-22 12:28:42,2023-06-26 07:28:42
