codigo_mesa,id_cliente,num_pessoa_mesa,data_hora_entrada,data_hora_saida
1,70,18,"2023-01-29 03:16:24","2023-01-30 17:16:24"
2,35,13,"2024-03-24 03:11:10","2024-03-27 00:11:10"
3,46,11,"2022-10-19 05:52:38","2022-10-20 02:52:38"
4,46,15,"2023-10-30 19:33:55","2023-10-31 22:33:55"
5,18,7,"2023-11-16 13:37:16","2023-11-19 01:37:16"
6,8,10,"2024-03-12 10:48:47","2024-03-13 16:48:47"
7,18,13,"2022-08-30 21:45:02","2022-09-02 13:45:02"
8,63,16,"2023-04-21 16:42:21","2023-04-23 20:42:21"
9,45,10,"2022-10-08 04:29:34","2022-10-09 18:29:34"
10,85,11,"2022-08-07 23:56:38","2022-08-10 14:56:38"
11,20,2,"2022-08-26 08:45:11","2022-08-27 13:45:11"
12,8,14,"2023-05-25 01:14:29","2023-05-27 01:14:29"
13,41,9,"2023-08-21 13:29:25","2023-08-22 18:29:25"
14,39,6,"2023-11-04 08:44:15","2023-11-04 20:44:15"
15,2,14,"2024-05-17 13:50:49","2024-05-18 23:50:49"
16,26,6,"2023-08-15 22:14:55","2023-08-18 09:14:55"
17,86,7,"2023-06-01 10:53:43","2023-06-04 10:53:43"
18,23,10,"2024-05-19 00:28:54","2024-05-21 09:28:54"
19,25,18,"2022-09-13 18:29:35","2022-09-15 21:29:35"
20,11,17,"2024-04-16 22:07:00","2024-04-18 00:07:00"
21,17,4,"2023-08-27 16:40:47","2023-08-30 01:40:47"
22,89,20,"2023-05-01 06:53:27","2023-05-02 19:53:27"
23,21,18,"2023-01-29 17:42:20","2023-02-02 21:42:20"
24,87,19,"2022-12-27 01:52:11","2022-12-31 01:52:11"
25,52,19,"2022-10-30 03:54:14","2022-10-31 08:54:14"
26,62,1,"2023-03-03 15:05:06","2023-03-04 12:05:06"
27,27,1,"2022-07-22 14:23:31","2022-07-25 02:23:31"
28,37,3,"2023-04-23 07:28:28","2023-04-26 19:28:28"
29,33,10,"2024-05-19 22:17:59","2024-05-20 17:17:59"
30,74,6,"2023-04-26 15:00:43","2023-04-27 18:00:43"
31,81,4,"2024-03-06 20:45:44","2024-03-10 22:45:44"
32,59,14,"2023-05-09 22:48:50","2023-05-12 02:48:50"
33,36,2,"2022-09-30 06:40:23","2022-10-01 01:40:23"
34,64,7,"2023-04-03 03:44:22","2023-04-04 13:44:22"
35,79,4,"2024-03-05 12:45:31","2024-03-07 10:45:31"
36,11,19,"2022-07-01 08:12:22","2022-07-02 11:12:22"
37,50,1,"2024-05-20 04:40:46","2024-05-22 03:40:46"
38,12,12,"2023-01-10 17:55:28","2023-01-12 06:55:28"
39,40,19,"2023-04-23 03:52:38","2023-04-24 21:52:38"
40,86,12,"2024-05-18 19:40:29","2024-05-19 13:40:29"
41,98,2,"2024-03-01 04:51:19","2024-03-02 04:51:19"
42,13,2,"2023-09-23 19:43:32","2023-09-26 08:43:32"
43,5,3,"2024-05-24 10:39:16","2024-05-25 15:39:16"
44,94,16,"2023-04-04 19:41:29","2023-04-06 13:41:29"
45,78,3,"2022-06-02 21:16:42","2022-06-05 10:16:42"
46,36,6,"2022-11-24 06:05:09","2022-11-28 06:05:09"
47,1,11,"2023-10-10 04:12:23","2023-10-11 07:12:23"
48,19,20,"2022-12-04 06:58:10","2022-12-06 00:58:10"
49,73,1,"2022-06-13 13:23:45","2022-06-14 21:23:45"
50,41,20,"2023-09-20 19:07:05","2023-09-22 22:07:05"
51,61,11,"2023-03-31 13:05:08","2023-04-02 13:05:08"
52,61,10,"2023-06-22 06:17:41","2023-06-26 01:17:41"
53,40,15,"2023-01-21 23:11:49","2023-01-22 12:11:49"
54,24,8,"2022-07-18 03:15:59","2022-07-20 00:15:59"
55,33,19,"2023-07-22 20:44:20","2023-07-24 23:44:20"
56,85,20,"2022-11-13 09:15:09","2022-11-14 11:15:09"
57,83,1,"2023-12-04 07:30:04","2023-12-06 10:30:04"
58,88,1,"2023-12-22 10:01:59","2023-12-24 22:01:59"
59,22,10,"2024-04-11 09:22:15","2024-04-13 05:22:15"
60,100,14,"2023-09-08 22:43:55","2023-09-12 20:43:55"
61,10,12,"2023-05-28 06:24:05","2023-05-31 23:24:05"
62,25,14,"2024-05-04 17:18:02","2024-05-08 00:18:02"
63,38,2,"2023-03-13 02:24:59","2023-03-16 04:24:59"
64,27,18,"2022-07-29 09:53:19","2022-07-29 22:53:19"
65,31,14,"2023-01-31 02:38:55","2023-02-02 22:38:55"
66,94,16,"2023-09-18 14:16:44","2023-09-19 22:16:44"
67,58,18,"2023-07-24 15:22:36","2023-07-26 02:22:36"
68,100,19,"2023-01-15 09:30:09","2023-01-19 11:30:09"
69,50,12,"2023-07-22 20:40:32","2023-07-25 09:40:32"
70,18,4,"2024-03-06 02:26:40","2024-03-07 09:26:40"
71,31,2,"2024-03-13 15:37:19","2024-03-14 23:37:19"
72,70,12,"2022-07-25 19:31:07","2022-07-29 04:31:07"
73,95,10,"2024-04-15 02:16:16","2024-04-16 05:16:16"
74,99,15,"2024-04-24 15:16:15","2024-04-28 04:16:15"
75,32,2,"2023-05-29 09:42:32","2023-06-01 12:42:32"
76,19,12,"2022-07-26 08:04:54","2022-07-27 17:04:54"
77,52,13,"2024-04-09 22:23:20","2024-04-13 00:23:20"
78,42,14,"2023-07-28 06:35:43","2023-07-31 11:35:43"
79,82,15,"2023-10-26 06:54:13","2023-10-29 02:54:13"
80,28,10,"2023-06-03 02:35:01","2023-06-06 21:35:01"
81,95,15,"2023-03-20 21:36:48","2023-03-24 02:36:48"
82,35,12,"2024-01-12 21:31:16","2024-01-14 19:31:16"
83,27,4,"2022-09-27 05:40:39","2022-09-28 01:40:39"
84,92,12,"2024-01-19 21:10:46","2024-01-21 06:10:46"
85,58,6,"2024-02-28 11:09:43","2024-03-03 13:09:43"
86,72,18,"2023-05-18 03:42:56","2023-05-21 19:42:56"
87,54,9,"2023-10-21 08:18:30","2023-10-22 12:18:30"
88,3,19,"2022-09-12 08:24:06","2022-09-13 08:24:06"
89,58,18,"2022-09-11 20:22:55","2022-09-14 21:22:55"
90,9,8,"2023-01-22 01:59:50","2023-01-25 08:59:50"
91,83,3,"2023-12-16 00:26:04","2023-12-18 19:26:04"
92,60,19,"2022-12-18 12:13:20","2022-12-20 08:13:20"
93,78,12,"2023-08-18 13:16:21","2023-08-20 09:16:21"
94,98,2,"2023-05-08 08:19:01","2023-05-12 01:19:01"
95,70,3,"2023-09-21 22:46:40","2023-09-25 21:46:40"
96,52,17,"2024-05-05 20:19:12","2024-05-08 07:19:12"
97,44,8,"2024-02-12 09:12:23","2024-02-15 05:12:23"
98,5,20,"2022-09-04 11:24:20","2022-09-05 16:24:20"
99,93,11,"2023-04-07 21:22:00","2023-04-10 05:22:00"
100,50,1,"2024-03-18 21:16:01","2024-03-22 03:16:01"
101,9,1,"2023-06-12 05:07:03","2023-06-13 01:07:03"
102,41,6,"2022-08-01 05:51:59","2022-08-04 16:51:59"
103,53,15,"2023-01-08 06:31:37","2023-01-11 22:31:37"
104,32,14,"2023-07-14 06:45:47","2023-07-17 01:45:47"
105,33,11,"2023-05-22 10:32:45","2023-05-23 07:32:45"
106,31,2,"2023-07-08 08:22:32","2023-07-09 18:22:32"
107,29,10,"2022-11-22 12:39:41","2022-11-23 10:39:41"
108,80,14,"2023-11-13 16:41:41","2023-11-17 13:41:41"
109,24,4,"2023-04-11 08:53:51","2023-04-12 17:53:51"
110,54,19,"2023-03-25 15:53:24","2023-03-26 19:53:24"
111,33,17,"2023-05-25 17:24:19","2023-05-29 15:24:19"
112,99,6,"2023-10-06 17:30:42","2023-10-10 00:30:42"
113,83,7,"2022-07-26 15:51:04","2022-07-27 03:51:04"
114,8,7,"2022-10-27 09:23:11","2022-10-30 09:23:11"
115,89,6,"2023-06-24 23:19:21","2023-06-26 19:19:21"
116,2,6,"2023-03-02 18:31:28","2023-03-03 08:31:28"
117,38,8,"2023-05-20 12:27:32","2023-05-21 05:27:32"
118,29,7,"2022-10-31 06:21:49","2022-11-01 10:21:49"
119,82,8,"2024-04-07 02:27:22","2024-04-09 04:27:22"
120,55,17,"2022-07-11 07:33:28","2022-07-15 00:33:28"
121,59,7,"2022-12-06 04:07:37","2022-12-09 22:07:37"
122,46,1,"2022-06-17 05:43:14","2022-06-18 09:43:14"
123,95,10,"2024-01-30 12:50:31","2024-02-02 00:50:31"
124,60,10,"2024-04-05 11:13:01","2024-04-09 13:13:01"
125,95,1,"2022-08-13 06:24:27","2022-08-14 11:24:27"
126,11,14,"2022-09-05 21:28:55","2022-09-06 20:28:55"
127,46,12,"2023-12-21 05:50:48","2023-12-25 03:50:48"
128,13,8,"2023-08-16 14:41:40","2023-08-17 21:41:40"
129,85,12,"2023-07-30 00:12:15","2023-07-31 22:12:15"
130,96,20,"2022-09-04 08:54:50","2022-09-06 10:54:50"
131,13,19,"2023-07-10 06:57:11","2023-07-12 12:57:11"
132,96,2,"2023-06-29 10:42:49","2023-06-30 05:42:49"
133,10,5,"2022-11-02 20:54:40","2022-11-03 16:54:40"
134,58,4,"2023-10-02 10:39:06","2023-10-04 18:39:06"
135,53,10,"2022-12-20 19:27:08","2022-12-23 04:27:08"
136,68,17,"2022-06-26 16:14:58","2022-06-28 15:14:58"
137,23,1,"2023-11-29 09:00:45","2023-12-02 15:00:45"
138,66,1,"2023-10-26 13:22:24","2023-10-27 08:22:24"
139,29,4,"2022-08-21 01:31:21","2022-08-23 11:31:21"
140,41,12,"2024-05-07 03:50:47","2024-05-09 11:50:47"
141,53,7,"2023-07-27 10:11:33","2023-07-31 00:11:33"
142,80,16,"2024-04-18 11:15:31","2024-04-20 09:15:31"
143,12,6,"2023-01-11 13:51:25","2023-01-12 23:51:25"
144,58,4,"2023-12-22 18:15:14","2023-12-26 05:15:14"
145,89,5,"2022-09-02 06:04:00","2022-09-06 08:04:00"
146,94,2,"2023-06-25 01:52:15","2023-06-26 08:52:15"
147,82,20,"2024-01-19 06:00:14","2024-01-21 21:00:14"
148,4,2,"2023-06-02 21:48:02","2023-06-05 12:48:02"
149,37,16,"2023-02-07 22:19:20","2023-02-11 02:19:20"
150,88,11,"2022-06-12 05:03:36","2022-06-14 11:03:36"
151,65,3,"2024-04-19 03:10:02","2024-04-22 03:10:02"
152,82,19,"2022-12-08 05:08:40","2022-12-08 19:08:40"
153,61,14,"2024-04-11 11:14:14","2024-04-12 14:14:14"
154,26,9,"2023-05-01 04:11:10","2023-05-02 21:11:10"
155,95,14,"2023-05-23 14:13:59","2023-05-26 00:13:59"
156,77,20,"2024-03-09 04:16:16","2024-03-12 15:16:16"
157,81,18,"2022-12-07 10:33:31","2022-12-08 23:33:31"
158,96,3,"2023-11-30 08:27:44","2023-12-01 11:27:44"
159,9,18,"2023-08-09 02:41:34","2023-08-10 20:41:34"
160,35,5,"2023-03-27 06:13:18","2023-03-31 05:13:18"
161,6,19,"2023-01-19 05:47:38","2023-01-21 14:47:38"
162,18,3,"2023-10-23 01:37:47","2023-10-24 10:37:47"
163,38,16,"2023-05-05 23:22:20","2023-05-08 20:22:20"
164,39,7,"2024-03-31 06:54:07","2024-04-02 02:54:07"
165,34,7,"2023-06-10 01:33:52","2023-06-13 23:33:52"
166,25,10,"2022-05-30 19:17:16","2022-06-02 21:17:16"
167,14,4,"2023-10-23 07:32:50","2023-10-26 10:32:50"
168,1,4,"2024-03-02 23:40:29","2024-03-06 13:40:29"
169,66,7,"2022-11-01 00:41:56","2022-11-01 22:41:56"
170,49,6,"2022-09-03 21:30:28","2022-09-06 18:30:28"
171,35,1,"2023-11-05 00:33:15","2023-11-08 14:33:15"
172,39,1,"2023-02-22 04:11:41","2023-02-26 07:11:41"
173,77,5,"2022-07-18 05:25:30","2022-07-19 13:25:30"
174,55,12,"2022-10-24 04:45:29","2022-10-25 22:45:29"
175,26,9,"2023-08-15 09:18:03","2023-08-15 21:18:03"
176,65,6,"2022-06-17 02:54:59","2022-06-20 04:54:59"
177,13,9,"2023-11-08 19:03:15","2023-11-11 23:03:15"
178,70,4,"2023-01-06 01:04:24","2023-01-09 23:04:24"
179,11,14,"2023-09-02 06:22:44","2023-09-06 05:22:44"
180,17,18,"2024-03-09 18:12:16","2024-03-13 10:12:16"
181,26,14,"2024-04-11 01:53:47","2024-04-12 19:53:47"
182,22,7,"2023-04-28 17:39:10","2023-04-30 22:39:10"
183,89,13,"2022-06-11 14:23:34","2022-06-13 11:23:34"
184,46,12,"2023-11-18 23:50:38","2023-11-22 17:50:38"
185,79,1,"2022-07-18 10:34:36","2022-07-19 23:34:36"
186,6,4,"2023-03-21 19:40:52","2023-03-25 11:40:52"
187,55,1,"2023-04-23 14:18:41","2023-04-27 02:18:41"
188,61,8,"2022-08-16 13:23:02","2022-08-17 21:23:02"
189,50,17,"2023-09-07 12:28:40","2023-09-11 11:28:40"
190,20,18,"2022-12-02 17:03:39","2022-12-06 17:03:39"
191,10,5,"2024-03-12 10:17:22","2024-03-14 08:17:22"
192,56,1,"2024-04-18 22:02:49","2024-04-20 05:02:49"
193,42,9,"2024-01-28 20:28:15","2024-01-31 03:28:15"
194,94,5,"2024-05-13 00:52:01","2024-05-16 04:52:01"
195,87,2,"2022-10-28 09:30:09","2022-10-31 08:30:09"
196,2,15,"2023-09-05 21:59:59","2023-09-08 04:59:59"
197,62,9,"2023-07-27 08:07:50","2023-07-28 18:07:50"
198,99,9,"2022-07-28 02:20:32","2022-07-30 14:20:32"
199,27,3,"2024-03-29 21:03:24","2024-04-01 01:03:24"
200,3,12,"2023-03-06 17:17:34","2023-03-09 05:17:34"
201,4,15,"2022-12-31 13:11:16","2023-01-04 16:11:16"
202,34,18,"2022-10-25 16:47:24","2022-10-29 12:47:24"
203,70,2,"2023-05-25 22:43:58","2023-05-28 02:43:58"
204,84,11,"2022-12-30 17:53:04","2023-01-03 09:53:04"
205,24,12,"2023-10-09 18:51:09","2023-10-12 06:51:09"
206,95,1,"2024-02-29 09:54:42","2024-03-01 13:54:42"
207,14,14,"2024-04-04 09:21:31","2024-04-07 04:21:31"
208,2,20,"2024-02-27 22:49:08","2024-02-28 22:49:08"
209,33,2,"2023-01-19 12:31:50","2023-01-22 22:31:50"
210,56,20,"2023-07-26 06:05:01","2023-07-28 09:05:01"
211,90,2,"2023-11-05 09:35:41","2023-11-05 21:35:41"
212,44,6,"2024-04-27 02:21:25","2024-04-28 14:21:25"
213,89,8,"2023-04-17 07:29:57","2023-04-21 01:29:57"
214,4,15,"2022-10-30 13:17:49","2022-11-01 19:17:49"
215,94,7,"2023-08-21 01:56:22","2023-08-21 16:56:22"
216,97,20,"2024-02-28 10:18:06","2024-03-02 05:18:06"
217,71,10,"2024-02-26 07:24:13","2024-02-29 23:24:13"
218,21,11,"2024-02-26 10:05:44","2024-02-28 00:05:44"
219,1,11,"2023-12-06 21:19:48","2023-12-09 00:19:48"
220,39,17,"2023-09-09 03:01:07","2023-09-10 07:01:07"
221,20,20,"2023-12-06 11:45:08","2023-12-09 19:45:08"
222,17,12,"2023-03-19 10:52:37","2023-03-22 21:52:37"
223,85,11,"2022-08-18 13:07:15","2022-08-20 18:07:15"
224,81,1,"2023-05-10 13:54:29","2023-05-11 00:54:29"
225,69,17,"2024-04-22 05:24:10","2024-04-24 05:24:10"
226,92,10,"2023-01-18 17:45:27","2023-01-22 11:45:27"
227,23,3,"2023-12-27 02:49:41","2023-12-29 03:49:41"
228,25,14,"2023-06-04 11:54:22","2023-06-07 07:54:22"
229,89,1,"2023-09-30 06:32:13","2023-10-01 05:32:13"
230,5,5,"2024-05-06 14:42:01","2024-05-07 15:42:01"
231,9,8,"2022-07-03 16:21:11","2022-07-07 05:21:11"
232,13,4,"2023-12-15 19:19:26","2023-12-19 04:19:26"
233,41,5,"2024-03-04 10:08:32","2024-03-07 23:08:32"
234,12,19,"2023-07-15 18:24:04","2023-07-17 23:24:04"
235,96,19,"2023-07-06 15:47:19","2023-07-07 02:47:19"
236,46,4,"2023-01-04 14:28:43","2023-01-07 12:28:43"
237,36,2,"2023-08-16 06:11:39","2023-08-17 22:11:39"
238,94,7,"2022-07-22 06:40:46","2022-07-24 19:40:46"
239,45,14,"2024-01-05 09:37:29","2024-01-09 13:37:29"
240,27,15,"2024-05-17 09:56:56","2024-05-20 14:56:56"
241,30,4,"2023-05-18 08:31:37","2023-05-18 19:31:37"
242,23,15,"2022-06-05 06:08:10","2022-06-06 16:08:10"
243,88,17,"2023-02-09 04:49:40","2023-02-13 01:49:40"
244,40,8,"2024-05-15 13:58:41","2024-05-17 11:58:41"
245,84,7,"2023-03-06 18:44:08","2023-03-08 00:44:08"
246,76,16,"2022-09-18 02:28:05","2022-09-21 13:28:05"
247,92,13,"2023-01-09 19:16:40","2023-01-11 12:16:40"
248,38,8,"2023-04-13 11:35:12","2023-04-16 05:35:12"
249,65,1,"2023-08-03 08:35:13","2023-08-05 14:35:13"
250,73,5,"2022-08-01 14:04:17","2022-08-05 16:04:17"
251,83,14,"2023-06-18 00:59:30","2023-06-21 22:59:30"
252,16,20,"2023-06-10 04:13:40","2023-06-13 01:13:40"
253,61,12,"2023-08-20 00:22:17","2023-08-22 17:22:17"
254,16,12,"2023-01-05 16:54:46","2023-01-09 10:54:46"
255,97,16,"2023-04-02 16:52:46","2023-04-05 20:52:46"
256,88,16,"2024-05-20 23:11:47","2024-05-22 19:11:47"
257,90,6,"2023-02-22 15:15:03","2023-02-23 09:15:03"
258,26,1,"2023-05-19 21:40:39","2023-05-22 00:40:39"
259,31,12,"2023-02-03 12:30:09","2023-02-04 11:30:09"
260,74,10,"2024-02-15 10:04:26","2024-02-17 05:04:26"
261,92,19,"2022-07-05 09:25:03","2022-07-07 14:25:03"
262,50,15,"2023-02-28 01:06:03","2023-03-01 09:06:03"
263,57,12,"2023-10-19 22:09:12","2023-10-22 18:09:12"
264,74,8,"2022-11-09 12:11:08","2022-11-09 23:11:08"
265,27,15,"2023-06-22 10:05:15","2023-06-23 04:05:15"
266,4,15,"2022-07-03 20:59:40","2022-07-04 21:59:40"
267,88,2,"2023-08-18 11:21:02","2023-08-19 00:21:02"
268,83,1,"2022-11-27 11:50:21","2022-11-30 15:50:21"
269,13,6,"2022-09-26 01:56:31","2022-09-27 01:56:31"
270,70,1,"2023-12-28 19:09:11","2023-12-29 06:09:11"
271,29,18,"2023-02-28 06:07:05","2023-03-03 11:07:05"
272,68,15,"2022-09-06 07:43:14","2022-09-09 10:43:14"
273,53,4,"2023-07-06 09:31:03","2023-07-09 04:31:03"
274,100,8,"2023-07-13 22:52:56","2023-07-16 02:52:56"
275,46,14,"2022-09-10 06:42:23","2022-09-11 23:42:23"
276,60,17,"2024-02-09 14:37:04","2024-02-13 01:37:04"
277,78,9,"2023-01-12 09:24:55","2023-01-14 13:24:55"
278,60,16,"2022-06-12 01:51:19","2022-06-12 17:51:19"
279,90,7,"2023-07-04 17:03:23","2023-07-08 08:03:23"
280,25,2,"2023-11-17 05:51:18","2023-11-20 19:51:18"
281,28,20,"2022-08-29 12:52:44","2022-09-02 02:52:44"
282,58,10,"2022-06-27 04:40:13","2022-06-30 23:40:13"
283,67,9,"2022-07-11 18:44:59","2022-07-12 12:44:59"
284,36,3,"2023-05-01 20:46:20","2023-05-04 03:46:20"
285,91,9,"2022-08-11 03:08:30","2022-08-12 14:08:30"
286,3,12,"2023-10-17 22:27:48","2023-10-20 18:27:48"
287,26,1,"2023-06-27 20:27:26","2023-06-30 01:27:26"
288,11,10,"2023-11-06 01:11:44","2023-11-06 12:11:44"
289,64,11,"2024-02-03 11:40:29","2024-02-05 21:40:29"
290,30,13,"2023-12-02 10:38:03","2023-12-04 14:38:03"
291,1,15,"2023-02-07 19:11:31","2023-02-11 11:11:31"
292,32,16,"2024-04-08 23:23:03","2024-04-11 01:23:03"
293,26,7,"2023-05-17 07:17:54","2023-05-20 14:17:54"
294,98,3,"2024-05-04 16:28:41","2024-05-06 19:28:41"
295,46,17,"2022-10-26 13:35:27","2022-10-30 00:35:27"
296,78,1,"2022-10-25 09:13:16","2022-10-28 11:13:16"
297,28,3,"2024-01-19 21:02:17","2024-01-23 02:02:17"
298,81,5,"2023-12-17 22:48:07","2023-12-19 17:48:07"
299,31,14,"2024-03-02 19:41:33","2024-03-03 15:41:33"
300,78,13,"2022-06-17 18:59:28","2022-06-20 08:59:28"
301,91,8,"2022-09-19 11:15:02","2022-09-23 03:15:02"
302,14,19,"2024-04-23 20:25:59","2024-04-26 08:25:59"
303,22,15,"2024-03-07 06:18:28","2024-03-07 16:18:28"
304,13,15,"2022-11-18 13:51:50","2022-11-20 02:51:50"
305,99,1,"2024-02-06 19:09:12","2024-02-09 21:09:12"
306,6,4,"2023-11-23 06:08:35","2023-11-25 12:08:35"
307,43,20,"2023-02-28 04:13:42","2023-02-28 19:13:42"
308,93,1,"2023-04-16 16:21:08","2023-04-17 05:21:08"
309,64,11,"2023-04-25 03:59:21","2023-04-28 06:59:21"
310,100,12,"2024-02-26 04:29:47","2024-03-01 01:29:47"
311,48,20,"2024-05-01 17:43:51","2024-05-03 01:43:51"
312,26,14,"2022-10-29 10:29:35","2022-11-02 13:29:35"
313,40,13,"2023-05-04 01:01:44","2023-05-05 20:01:44"
314,41,14,"2024-03-15 15:41:35","2024-03-16 19:41:35"
315,8,11,"2023-12-18 06:25:20","2023-12-18 19:25:20"
316,20,1,"2023-05-20 19:15:37","2023-05-23 23:15:37"
317,77,19,"2022-09-30 06:36:04","2022-10-01 00:36:04"
318,40,3,"2024-02-13 07:48:37","2024-02-16 04:48:37"
319,58,7,"2024-04-22 00:45:35","2024-04-24 01:45:35"
320,43,2,"2023-03-29 07:14:29","2023-04-01 07:14:29"
321,48,12,"2023-06-21 14:02:46","2023-06-24 12:02:46"
322,34,13,"2022-12-01 03:17:45","2022-12-04 03:17:45"
323,24,6,"2022-08-05 17:58:16","2022-08-07 18:58:16"
324,75,15,"2023-05-05 21:55:06","2023-05-08 23:55:06"
325,99,8,"2023-03-27 05:00:40","2023-03-29 13:00:40"
326,95,6,"2023-05-03 19:39:58","2023-05-07 18:39:58"
327,73,2,"2022-07-28 07:13:32","2022-07-29 19:13:32"
328,25,14,"2023-03-09 12:03:07","2023-03-10 18:03:07"
329,80,20,"2023-11-02 12:31:42","2023-11-06 05:31:42"
330,62,14,"2024-01-16 08:13:16","2024-01-20 12:13:16"
331,2,6,"2023-07-01 03:43:42","2023-07-03 03:43:42"
332,48,7,"2024-01-08 02:45:44","2024-01-10 13:45:44"
333,5,4,"2023-09-12 15:01:02","2023-09-15 22:01:02"
334,91,6,"2023-05-23 14:54:41","2023-05-24 21:54:41"
335,28,18,"2023-09-26 07:06:50","2023-09-27 11:06:50"
336,30,16,"2023-10-08 10:01:24","2023-10-09 18:01:24"
337,35,15,"2024-02-24 02:01:00","2024-02-25 13:01:00"
338,76,1,"2022-06-01 02:02:01","2022-06-02 10:02:01"
339,11,20,"2022-11-07 08:11:20","2022-11-08 14:11:20"
340,45,20,"2023-03-30 10:00:44","2023-03-31 02:00:44"
341,84,18,"2024-03-26 02:49:23","2024-03-27 18:49:23"
342,9,6,"2024-04-20 10:19:20","2024-04-23 11:19:20"
343,63,2,"2023-07-28 16:54:30","2023-07-31 23:54:30"
344,97,7,"2023-02-01 12:52:38","2023-02-01 22:52:38"
345,13,2,"2022-08-31 23:23:34","2022-09-02 08:23:34"
346,78,12,"2023-09-23 11:51:36","2023-09-26 08:51:36"
347,50,18,"2024-05-03 13:19:07","2024-05-05 17:19:07"
348,53,5,"2024-02-09 03:41:31","2024-02-09 21:41:31"
349,77,19,"2022-12-20 18:00:49","2022-12-23 20:00:49"
350,37,20,"2022-10-17 21:41:01","2022-10-21 14:41:01"
351,48,8,"2023-01-10 10:11:32","2023-01-13 18:11:32"
352,78,6,"2022-08-21 07:33:50","2022-08-25 09:33:50"
353,3,20,"2024-04-19 02:47:21","2024-04-22 03:47:21"
354,66,9,"2023-03-06 22:22:47","2023-03-07 12:22:47"
355,100,11,"2022-09-30 20:46:25","2022-10-02 10:46:25"
356,49,16,"2022-11-18 06:45:54","2022-11-19 07:45:54"
357,13,4,"2022-06-29 10:57:26","2022-07-02 17:57:26"
358,34,18,"2022-11-16 11:16:06","2022-11-20 11:16:06"
359,15,4,"2023-03-26 08:54:06","2023-03-29 22:54:06"
360,50,14,"2022-10-27 08:22:18","2022-10-28 15:22:18"
361,86,10,"2024-03-26 09:06:15","2024-03-30 10:06:15"
362,94,7,"2022-06-09 02:50:18","2022-06-09 20:50:18"
363,97,1,"2023-10-26 12:42:04","2023-10-28 07:42:04"
364,5,7,"2024-03-16 00:17:02","2024-03-18 15:17:02"
365,82,10,"2024-04-24 20:00:41","2024-04-28 17:00:41"
366,82,19,"2023-06-27 03:56:09","2023-06-29 02:56:09"
367,21,3,"2022-08-27 14:45:09","2022-08-28 17:45:09"
368,3,20,"2023-03-31 06:39:48","2023-04-01 18:39:48"
369,80,15,"2022-11-08 08:27:57","2022-11-10 20:27:57"
370,41,18,"2024-04-08 16:50:08","2024-04-10 01:50:08"
371,80,19,"2023-11-19 14:18:00","2023-11-21 00:18:00"
372,26,14,"2022-07-31 11:20:11","2022-08-02 05:20:11"
373,11,12,"2022-07-30 21:46:34","2022-08-02 23:46:34"
374,22,4,"2022-09-06 18:11:28","2022-09-10 00:11:28"
375,72,13,"2023-03-10 20:57:26","2023-03-11 06:57:26"
376,97,13,"2022-08-26 05:43:53","2022-08-29 14:43:53"
377,56,3,"2023-04-23 19:35:43","2023-04-24 07:35:43"
378,97,11,"2022-07-30 14:11:16","2022-08-02 13:11:16"
379,46,16,"2022-08-07 03:02:59","2022-08-08 17:02:59"
380,40,1,"2024-05-02 17:52:19","2024-05-03 04:52:19"
381,80,17,"2023-06-22 00:49:44","2023-06-24 22:49:44"
382,79,15,"2022-12-08 07:34:30","2022-12-09 13:34:30"
383,31,4,"2024-02-09 20:55:37","2024-02-10 16:55:37"
384,72,17,"2022-12-20 02:21:47","2022-12-24 01:21:47"
385,38,3,"2022-08-02 15:13:49","2022-08-04 23:13:49"
386,5,1,"2023-12-26 21:46:14","2023-12-27 23:46:14"
387,19,10,"2022-09-15 17:08:41","2022-09-19 01:08:41"
388,66,3,"2022-06-19 13:49:09","2022-06-20 09:49:09"
389,76,15,"2022-12-07 21:15:26","2022-12-11 10:15:26"
390,37,20,"2022-07-29 12:51:39","2022-07-30 06:51:39"
391,92,20,"2023-11-05 07:19:55","2023-11-07 18:19:55"
392,51,9,"2023-05-01 04:37:12","2023-05-01 16:37:12"
393,95,3,"2024-03-30 10:58:19","2024-03-31 20:58:19"
394,91,20,"2022-10-19 19:07:35","2022-10-21 05:07:35"
395,77,2,"2024-01-03 09:17:59","2024-01-04 15:17:59"
396,10,8,"2023-04-09 20:00:10","2023-04-11 02:00:10"
397,81,10,"2023-01-15 18:27:47","2023-01-16 15:27:47"
398,100,7,"2022-06-06 16:50:13","2022-06-08 13:50:13"
399,6,2,"2022-11-14 16:02:06","2022-11-18 13:02:06"
400,24,2,"2022-08-16 18:33:15","2022-08-18 09:33:15"
401,54,17,"2023-04-01 02:31:06","2023-04-03 11:31:06"
402,26,15,"2024-02-25 17:18:33","2024-02-26 16:18:33"
403,54,19,"2023-12-24 06:27:20","2023-12-25 22:27:20"
404,22,16,"2023-09-19 02:21:32","2023-09-21 20:21:32"
405,92,20,"2022-10-13 22:23:37","2022-10-14 14:23:37"
406,10,17,"2022-06-28 07:31:28","2022-06-29 18:31:28"
407,51,7,"2022-11-12 02:10:31","2022-11-14 09:10:31"
408,84,17,"2024-01-23 08:35:17","2024-01-25 03:35:17"
409,54,8,"2023-04-25 05:34:31","2023-04-26 16:34:31"
410,3,18,"2022-06-09 15:42:03","2022-06-11 23:42:03"
411,56,6,"2023-02-10 03:16:34","2023-02-12 18:16:34"
412,97,13,"2024-05-23 07:51:42","2024-05-24 14:51:42"
413,72,11,"2024-04-03 16:49:37","2024-04-07 09:49:37"
414,95,18,"2023-03-07 20:57:10","2023-03-09 23:57:10"
415,56,11,"2022-07-13 09:10:24","2022-07-14 21:10:24"
416,47,13,"2022-11-27 18:18:51","2022-11-29 15:18:51"
417,97,1,"2023-06-01 19:43:17","2023-06-05 15:43:17"
418,8,12,"2024-02-28 20:16:58","2024-03-03 20:16:58"
419,23,1,"2022-10-24 07:29:50","2022-10-26 22:29:50"
420,85,19,"2023-06-18 15:59:43","2023-06-22 15:59:43"
421,2,9,"2024-02-17 23:46:08","2024-02-21 12:46:08"
422,47,5,"2023-01-12 07:28:06","2023-01-15 05:28:06"
423,79,14,"2023-12-16 23:28:02","2023-12-21 02:28:02"
424,61,16,"2022-06-20 07:54:48","2022-06-22 04:54:48"
425,35,7,"2022-09-23 07:43:05","2022-09-24 02:43:05"
426,100,11,"2022-12-25 16:05:11","2022-12-28 00:05:11"
427,23,15,"2023-12-25 05:26:26","2023-12-26 15:26:26"
428,92,6,"2022-06-29 03:11:59","2022-06-29 22:11:59"
429,74,3,"2023-12-31 07:41:31","2024-01-01 07:41:31"
430,89,16,"2023-12-16 15:05:16","2023-12-17 10:05:16"
431,89,10,"2023-08-24 16:26:44","2023-08-28 16:26:44"
432,96,7,"2022-07-22 13:14:08","2022-07-26 10:14:08"
433,81,9,"2023-05-21 11:06:22","2023-05-23 22:06:22"
434,26,12,"2022-11-29 15:27:23","2022-11-30 09:27:23"
435,74,6,"2022-08-04 05:28:13","2022-08-05 04:28:13"
436,19,14,"2024-03-15 18:13:31","2024-03-19 08:13:31"
437,17,14,"2024-04-12 05:49:34","2024-04-14 02:49:34"
438,28,10,"2023-12-29 16:11:26","2023-12-30 23:11:26"
439,33,1,"2022-06-13 15:45:57","2022-06-16 01:45:57"
440,3,9,"2022-09-10 03:52:43","2022-09-10 16:52:43"
441,24,17,"2022-09-09 05:33:09","2022-09-11 09:33:09"
442,94,13,"2022-12-29 10:15:01","2022-12-30 03:15:01"
443,22,10,"2023-01-17 03:04:15","2023-01-17 23:04:15"
444,16,12,"2023-06-04 22:19:20","2023-06-06 15:19:20"
445,58,12,"2022-12-31 07:28:27","2023-01-02 19:28:27"
446,46,8,"2022-09-29 07:34:50","2022-10-01 09:34:50"
447,6,2,"2022-07-30 14:49:38","2022-07-31 01:49:38"
448,25,11,"2022-12-25 09:21:38","2022-12-26 19:21:38"
449,13,18,"2023-04-04 05:13:25","2023-04-06 04:13:25"
450,100,9,"2024-03-21 12:50:13","2024-03-23 18:50:13"
451,88,6,"2023-04-21 07:01:04","2023-04-24 10:01:04"
452,26,18,"2023-02-14 06:20:17","2023-02-15 14:20:17"
453,53,7,"2022-06-05 20:54:10","2022-06-08 23:54:10"
454,96,19,"2022-10-19 15:59:49","2022-10-23 07:59:49"
455,80,14,"2023-09-05 08:04:11","2023-09-08 01:04:11"
456,64,13,"2022-12-12 01:54:51","2022-12-15 04:54:51"
457,96,6,"2023-02-22 18:34:36","2023-02-26 04:34:36"
458,37,10,"2022-10-29 11:24:00","2022-10-31 09:24:00"
459,51,14,"2023-04-14 20:02:06","2023-04-16 02:02:06"
460,48,16,"2023-04-16 13:29:24","2023-04-20 10:29:24"
461,7,5,"2023-05-15 20:26:59","2023-05-18 20:26:59"
462,59,8,"2022-11-02 13:18:31","2022-11-03 02:18:31"
463,75,1,"2022-10-13 14:11:27","2022-10-14 04:11:27"
464,51,7,"2023-02-25 14:32:46","2023-02-26 17:32:46"
465,3,12,"2022-08-06 06:18:09","2022-08-07 09:18:09"
466,52,8,"2022-10-19 19:04:07","2022-10-23 18:04:07"
467,59,20,"2022-10-01 07:13:38","2022-10-02 16:13:38"
468,71,8,"2023-03-18 04:32:40","2023-03-19 22:32:40"
469,14,11,"2023-03-12 03:39:42","2023-03-15 15:39:42"
470,37,12,"2024-04-27 11:02:17","2024-04-29 20:02:17"
471,5,13,"2024-04-15 12:39:57","2024-04-19 16:39:57"
472,22,8,"2024-03-24 04:55:07","2024-03-26 14:55:07"
473,24,17,"2023-12-24 21:05:08","2023-12-26 23:05:08"
474,36,8,"2024-05-02 19:08:00","2024-05-04 14:08:00"
475,80,9,"2022-11-29 23:23:27","2022-12-03 12:23:27"
476,69,13,"2022-10-12 13:49:07","2022-10-13 21:49:07"
477,82,13,"2022-10-11 00:10:38","2022-10-15 04:10:38"
478,19,18,"2022-11-23 08:57:59","2022-11-26 13:57:59"
479,58,6,"2023-01-25 00:37:02","2023-01-27 12:37:02"
480,61,4,"2023-06-09 13:30:28","2023-06-13 06:30:28"
481,32,8,"2024-05-09 05:09:46","2024-05-10 03:09:46"
482,51,16,"2024-02-06 12:00:04","2024-02-07 01:00:04"
483,79,5,"2022-11-09 22:31:04","2022-11-10 23:31:04"
484,20,5,"2024-02-06 12:41:52","2024-02-09 15:41:52"
485,85,6,"2022-05-31 10:01:20","2022-06-04 00:01:20"
486,5,16,"2023-06-07 11:57:08","2023-06-11 00:57:08"
487,76,4,"2022-11-06 12:45:42","2022-11-07 18:45:42"
488,91,5,"2022-06-04 16:05:14","2022-06-05 06:05:14"
489,20,14,"2023-07-14 03:45:52","2023-07-17 14:45:52"
490,82,11,"2024-01-10 07:46:12","2024-01-10 20:46:12"
491,8,5,"2024-03-27 08:03:51","2024-03-28 08:03:51"
492,4,18,"2024-01-17 08:14:53","2024-01-21 11:14:53"
493,80,6,"2024-01-18 11:28:19","2024-01-21 21:28:19"
494,74,6,"2024-02-22 13:33:00","2024-02-23 07:33:00"
495,73,8,"2024-04-22 22:17:15","2024-04-23 09:17:15"
496,87,11,"2022-11-05 09:56:18","2022-11-09 06:56:18"
497,69,13,"2023-02-03 17:27:59","2023-02-05 18:27:59"
498,95,12,"2023-09-12 20:54:54","2023-09-16 06:54:54"
499,31,19,"2023-04-07 06:54:38","2023-04-10 17:54:38"
500,93,14,"2023-09-21 11:25:03","2023-09-25 05:25:03"
501,51,18,"2023-08-14 03:15:09","2023-08-15 15:15:09"
502,13,4,"2023-04-29 18:04:53","2023-05-02 08:04:53"
503,55,10,"2023-10-12 08:12:09","2023-10-15 18:12:09"
504,94,17,"2024-01-08 00:11:09","2024-01-10 14:11:09"
505,81,1,"2022-12-08 23:00:35","2022-12-12 13:00:35"
506,9,20,"2024-01-26 01:18:02","2024-01-28 08:18:02"
507,86,11,"2024-01-02 00:26:43","2024-01-03 02:26:43"
508,47,4,"2023-05-01 12:29:45","2023-05-02 03:29:45"
509,77,19,"2022-10-16 08:13:13","2022-10-18 23:13:13"
510,96,8,"2022-07-27 08:58:19","2022-07-29 08:58:19"
511,70,4,"2023-05-03 04:45:59","2023-05-05 22:45:59"
512,29,17,"2022-12-25 22:13:10","2022-12-27 09:13:10"
513,81,5,"2023-09-08 04:27:59","2023-09-11 16:27:59"
514,50,16,"2023-10-19 03:07:44","2023-10-22 16:07:44"
515,1,14,"2024-03-21 06:23:54","2024-03-24 07:23:54"
516,86,1,"2023-05-30 08:18:13","2023-06-01 06:18:13"
517,72,13,"2023-04-03 22:08:40","2023-04-06 23:08:40"
518,98,6,"2022-06-18 19:24:32","2022-06-19 08:24:32"
519,13,8,"2024-02-01 10:21:15","2024-02-01 21:21:15"
520,4,7,"2023-02-11 06:25:30","2023-02-15 00:25:30"
521,84,13,"2024-04-24 21:03:43","2024-04-26 13:03:43"
522,92,13,"2022-10-30 15:02:58","2022-11-01 09:02:58"
523,56,8,"2023-07-20 16:24:37","2023-07-21 19:24:37"
524,64,15,"2022-07-17 08:05:02","2022-07-20 13:05:02"
525,21,4,"2023-02-12 14:15:40","2023-02-15 13:15:40"
526,60,14,"2023-04-19 13:02:07","2023-04-22 08:02:07"
527,7,12,"2022-09-20 20:28:49","2022-09-21 14:28:49"
528,96,11,"2023-10-28 16:50:37","2023-11-01 17:50:37"
529,56,16,"2024-05-13 12:58:30","2024-05-16 13:58:30"
530,53,1,"2023-06-16 06:44:15","2023-06-17 12:44:15"
531,18,10,"2023-11-06 05:19:08","2023-11-07 00:19:08"
532,41,2,"2024-03-10 19:09:48","2024-03-11 23:09:48"
533,5,15,"2024-03-26 13:22:59","2024-03-27 13:22:59"
534,57,6,"2022-10-01 08:58:45","2022-10-03 02:58:45"
535,9,13,"2022-10-23 08:04:46","2022-10-24 02:04:46"
536,39,1,"2023-10-17 13:09:57","2023-10-20 15:09:57"
537,83,3,"2022-12-07 14:54:25","2022-12-10 06:54:25"
538,43,2,"2023-03-30 18:16:28","2023-03-31 10:16:28"
539,73,12,"2023-08-06 23:30:29","2023-08-07 11:30:29"
540,67,14,"2022-06-22 04:47:29","2022-06-25 11:47:29"
541,82,16,"2023-01-07 18:42:39","2023-01-10 12:42:39"
542,22,16,"2023-04-24 19:47:06","2023-04-26 11:47:06"
543,42,13,"2023-10-28 08:37:41","2023-10-30 22:37:41"
544,95,6,"2023-12-07 23:15:05","2023-12-09 16:15:05"
545,74,16,"2022-12-26 07:51:29","2022-12-29 08:51:29"
546,4,6,"2024-05-19 04:51:45","2024-05-21 00:51:45"
547,48,5,"2024-05-17 14:12:41","2024-05-21 05:12:41"
548,68,16,"2023-10-17 01:06:18","2023-10-19 03:06:18"
549,82,6,"2023-03-26 04:10:38","2023-03-27 19:10:38"
550,34,12,"2023-02-05 17:34:07","2023-02-06 03:34:07"
551,34,2,"2022-06-01 03:08:19","2022-06-01 20:08:19"
552,27,16,"2023-01-15 08:08:46","2023-01-18 05:08:46"
553,32,19,"2023-11-22 04:10:14","2023-11-24 13:10:14"
554,92,11,"2023-08-14 23:52:44","2023-08-17 22:52:44"
555,86,8,"2024-03-19 18:05:18","2024-03-21 11:05:18"
556,66,1,"2023-12-23 20:57:36","2023-12-25 12:57:36"
557,70,9,"2023-02-28 11:44:20","2023-03-03 07:44:20"
558,76,7,"2023-02-21 08:55:42","2023-02-24 02:55:42"
559,64,6,"2022-10-20 17:31:26","2022-10-22 13:31:26"
560,19,16,"2024-05-16 02:36:57","2024-05-18 17:36:57"
561,57,20,"2023-08-14 23:35:22","2023-08-16 18:35:22"
562,22,2,"2023-04-15 02:54:30","2023-04-17 05:54:30"
563,50,8,"2023-09-16 15:51:44","2023-09-17 15:51:44"
564,74,6,"2023-06-09 19:35:13","2023-06-10 21:35:13"
565,22,9,"2023-03-17 13:23:53","2023-03-19 19:23:53"
566,53,11,"2022-07-05 15:07:48","2022-07-06 15:07:48"
567,2,3,"2023-02-06 12:05:39","2023-02-08 22:05:39"
568,48,20,"2022-12-24 22:01:52","2022-12-27 16:01:52"
569,53,2,"2023-04-16 11:02:09","2023-04-20 02:02:09"
570,55,16,"2023-06-29 21:03:12","2023-07-03 10:03:12"
571,53,17,"2022-12-20 13:41:00","2022-12-21 07:41:00"
572,59,2,"2023-09-09 04:12:00","2023-09-10 01:12:00"
573,24,6,"2022-07-26 16:26:14","2022-07-27 07:26:14"
574,72,1,"2024-05-19 16:38:52","2024-05-22 01:38:52"
575,44,11,"2023-06-27 10:01:16","2023-06-29 15:01:16"
576,83,5,"2022-12-04 03:56:58","2022-12-06 10:56:58"
577,69,9,"2023-08-07 07:04:17","2023-08-07 19:04:17"
578,100,4,"2023-11-12 06:16:00","2023-11-13 01:16:00"
579,37,12,"2022-06-26 14:01:28","2022-06-28 14:01:28"
580,81,20,"2024-03-25 05:17:09","2024-03-28 11:17:09"
581,90,12,"2023-06-29 23:49:22","2023-07-02 00:49:22"
582,99,14,"2023-04-16 06:24:17","2023-04-17 21:24:17"
583,68,9,"2024-05-01 06:23:39","2024-05-03 07:23:39"
584,81,11,"2022-06-10 13:42:18","2022-06-11 07:42:18"
585,35,20,"2023-06-20 11:21:30","2023-06-24 03:21:30"
586,54,6,"2023-08-15 16:36:20","2023-08-17 22:36:20"
587,9,9,"2023-03-29 04:47:06","2023-04-01 11:47:06"
588,23,14,"2024-04-30 15:52:07","2024-05-01 02:52:07"
589,22,20,"2024-02-24 22:54:56","2024-02-27 14:54:56"
590,4,10,"2023-02-28 06:34:41","2023-03-02 04:34:41"
591,20,9,"2022-09-07 13:25:00","2022-09-09 07:25:00"
592,27,18,"2022-07-19 04:33:18","2022-07-20 09:33:18"
593,12,9,"2023-10-29 19:30:02","2023-11-01 10:30:02"
594,62,18,"2022-11-26 08:15:11","2022-11-30 02:15:11"
595,51,14,"2023-05-08 13:54:03","2023-05-12 00:54:03"
596,51,18,"2022-08-26 15:59:43","2022-08-27 11:59:43"
597,89,18,"2024-05-05 13:59:33","2024-05-09 11:59:33"
598,44,15,"2023-12-27 20:08:37","2023-12-29 02:08:37"
599,9,12,"2023-09-16 23:09:21","2023-09-17 10:09:21"
600,63,3,"2022-07-10 07:32:44","2022-07-12 09:32:44"
601,17,20,"2024-04-29 08:00:30","2024-04-30 13:00:30"
602,33,11,"2022-07-13 01:41:28","2022-07-13 19:41:28"
603,62,7,"2023-09-13 16:59:25","2023-09-16 02:59:25"
604,37,3,"2022-11-29 01:38:57","2022-11-29 13:38:57"
605,72,16,"2023-10-19 23:11:09","2023-10-20 17:11:09"
606,93,5,"2022-10-15 23:07:44","2022-10-17 09:07:44"
607,1,9,"2022-08-17 13:43:38","2022-08-20 01:43:38"
608,19,18,"2023-11-17 00:59:19","2023-11-20 18:59:19"
609,12,7,"2023-06-10 04:14:18","2023-06-11 13:14:18"
610,50,9,"2022-10-28 19:19:49","2022-10-30 07:19:49"
611,8,1,"2024-03-30 18:55:38","2024-03-31 10:55:38"
612,62,10,"2023-09-01 13:47:03","2023-09-04 02:47:03"
613,17,9,"2024-01-05 08:29:49","2024-01-06 03:29:49"
614,7,18,"2023-06-07 09:53:27","2023-06-08 06:53:27"
615,10,7,"2023-10-24 05:35:25","2023-10-27 00:35:25"
616,51,2,"2023-12-27 04:18:27","2023-12-28 09:18:27"
617,53,11,"2024-04-03 17:41:17","2024-04-06 14:41:17"
618,1,8,"2022-11-06 04:55:06","2022-11-08 18:55:06"
619,95,1,"2023-10-23 14:13:14","2023-10-24 08:13:14"
620,76,17,"2023-08-06 04:43:51","2023-08-10 05:43:51"
621,86,15,"2023-12-18 02:22:45","2023-12-18 18:22:45"
622,77,17,"2023-12-14 17:22:44","2023-12-17 07:22:44"
623,42,5,"2022-12-01 11:43:27","2022-12-04 01:43:27"
624,52,13,"2023-03-18 14:37:24","2023-03-20 04:37:24"
625,62,13,"2022-10-17 23:03:51","2022-10-19 09:03:51"
626,86,3,"2023-10-16 03:22:26","2023-10-19 00:22:26"
627,57,16,"2023-05-04 05:07:41","2023-05-06 08:07:41"
628,9,12,"2022-10-17 11:05:27","2022-10-18 07:05:27"
629,68,19,"2022-10-02 03:11:29","2022-10-03 16:11:29"
630,88,4,"2023-05-17 10:53:40","2023-05-20 00:53:40"
631,40,16,"2024-02-29 06:28:50","2024-03-01 22:28:50"
632,55,17,"2022-11-26 02:51:00","2022-11-30 03:51:00"
633,13,16,"2023-01-16 05:44:10","2023-01-19 04:44:10"
634,79,18,"2024-02-19 12:23:20","2024-02-20 21:23:20"
635,99,11,"2023-09-17 03:29:46","2023-09-19 08:29:46"
636,7,3,"2022-11-04 11:20:51","2022-11-05 15:20:51"
637,20,1,"2022-09-12 13:38:16","2022-09-13 02:38:16"
638,59,5,"2023-04-03 17:18:26","2023-04-04 08:18:26"
639,33,1,"2022-09-18 13:20:11","2022-09-19 16:20:11"
640,5,20,"2023-03-20 21:16:09","2023-03-22 15:16:09"
641,63,7,"2022-07-17 13:47:42","2022-07-20 06:47:42"
642,14,3,"2023-04-19 18:07:50","2023-04-21 00:07:50"
643,99,5,"2023-03-13 05:41:01","2023-03-13 20:41:01"
644,13,11,"2022-09-30 11:38:08","2022-10-02 12:38:08"
645,1,18,"2023-11-03 17:02:06","2023-11-06 17:02:06"
646,37,7,"2022-07-28 09:53:09","2022-07-31 04:53:09"
647,61,7,"2024-05-05 06:39:52","2024-05-07 00:39:52"
648,6,12,"2022-12-27 02:37:59","2022-12-29 12:37:59"
649,20,19,"2024-01-14 12:28:45","2024-01-15 10:28:45"
650,22,8,"2023-08-29 11:53:23","2023-08-30 22:53:23"
651,97,20,"2022-08-02 19:31:51","2022-08-06 05:31:51"
652,84,3,"2023-08-17 08:36:01","2023-08-19 06:36:01"
653,16,20,"2023-08-01 06:01:42","2023-08-02 09:01:42"
654,14,11,"2023-05-28 18:48:51","2023-05-31 15:48:51"
655,96,4,"2024-05-02 14:18:19","2024-05-03 08:18:19"
656,41,18,"2023-12-24 01:59:48","2023-12-26 00:59:48"
657,82,16,"2023-11-26 23:59:10","2023-11-30 11:59:10"
658,58,9,"2024-05-06 19:08:04","2024-05-08 21:08:04"
659,59,9,"2023-01-19 07:44:35","2023-01-21 08:44:35"
660,78,18,"2023-02-18 13:22:35","2023-02-22 17:22:35"
661,10,19,"2022-11-16 08:30:16","2022-11-19 15:30:16"
662,28,6,"2023-12-03 04:14:05","2023-12-06 04:14:05"
663,29,20,"2022-05-29 05:06:29","2022-05-31 07:06:29"
664,69,19,"2023-11-23 12:07:02","2023-11-25 04:07:02"
665,84,1,"2022-09-25 15:23:10","2022-09-28 09:23:10"
666,61,5,"2022-06-18 19:17:22","2022-06-21 16:17:22"
667,25,6,"2023-12-23 08:38:33","2023-12-25 16:38:33"
668,53,18,"2022-12-21 02:22:39","2022-12-23 01:22:39"
669,80,15,"2022-11-18 15:48:01","2022-11-22 12:48:01"
670,90,2,"2022-12-21 12:11:27","2022-12-22 05:11:27"
671,44,11,"2023-12-12 04:24:59","2023-12-15 18:24:59"
672,39,12,"2024-02-21 13:41:57","2024-02-22 05:41:57"
673,64,2,"2024-01-23 09:38:08","2024-01-24 17:38:08"
674,100,20,"2023-05-07 12:37:34","2023-05-08 22:37:34"
675,53,14,"2022-11-10 15:12:21","2022-11-12 04:12:21"
676,69,13,"2023-12-03 16:21:56","2023-12-05 09:21:56"
677,97,19,"2023-06-01 13:26:38","2023-06-03 21:26:38"
678,26,16,"2023-07-26 00:09:55","2023-07-27 03:09:55"
679,38,16,"2024-04-17 22:49:31","2024-04-21 14:49:31"
680,33,18,"2023-09-16 04:46:20","2023-09-19 18:46:20"
681,52,5,"2023-10-07 01:40:01","2023-10-10 23:40:01"
682,9,11,"2023-02-14 09:29:31","2023-02-14 20:29:31"
683,61,19,"2023-02-01 18:06:30","2023-02-03 06:06:30"
684,33,2,"2022-11-25 02:54:58","2022-11-26 00:54:58"
685,80,7,"2022-06-12 05:36:04","2022-06-15 23:36:04"
686,47,20,"2023-10-01 14:59:39","2023-10-03 09:59:39"
687,6,14,"2023-07-28 06:11:04","2023-08-01 07:11:04"
688,42,5,"2023-10-11 10:05:09","2023-10-14 21:05:09"
689,69,17,"2023-11-04 02:28:28","2023-11-07 01:28:28"
690,72,8,"2023-05-06 10:27:48","2023-05-09 12:27:48"
691,9,12,"2022-09-29 17:41:06","2022-09-30 23:41:06"
692,42,17,"2023-11-22 15:32:14","2023-11-26 00:32:14"
693,45,15,"2022-11-04 16:49:18","2022-11-08 09:49:18"
694,100,2,"2023-08-08 17:00:24","2023-08-10 21:00:24"
695,19,9,"2024-03-13 02:12:08","2024-03-17 02:12:08"
696,68,17,"2022-07-27 13:43:22","2022-07-29 06:43:22"
697,29,14,"2023-12-20 16:30:26","2023-12-23 23:30:26"
698,53,5,"2023-03-03 06:26:55","2023-03-06 09:26:55"
699,67,12,"2023-07-21 20:16:52","2023-07-22 22:16:52"
700,76,6,"2023-02-01 12:38:30","2023-02-03 23:38:30"
701,58,14,"2022-06-10 08:28:40","2022-06-11 04:28:40"
702,64,17,"2024-04-06 06:39:18","2024-04-08 15:39:18"
703,93,3,"2023-10-08 10:33:23","2023-10-09 06:33:23"
704,65,13,"2022-06-11 02:12:40","2022-06-12 15:12:40"
705,53,10,"2023-03-02 13:21:05","2023-03-04 19:21:05"
706,63,20,"2023-05-25 19:50:21","2023-05-27 12:50:21"
707,23,13,"2023-11-05 20:44:27","2023-11-07 15:44:27"
708,48,1,"2024-01-30 18:13:22","2024-02-02 14:13:22"
709,9,2,"2023-07-16 05:18:35","2023-07-19 19:18:35"
710,17,17,"2024-05-24 05:54:33","2024-05-25 00:54:33"
711,45,17,"2023-11-01 09:45:30","2023-11-02 16:45:30"
712,12,7,"2022-10-18 22:09:50","2022-10-22 14:09:50"
713,34,6,"2023-09-13 18:43:28","2023-09-15 09:43:28"
714,8,4,"2024-03-13 19:01:07","2024-03-15 15:01:07"
715,64,4,"2024-01-27 08:40:35","2024-01-28 12:40:35"
716,38,5,"2022-06-05 13:32:52","2022-06-07 08:32:52"
717,74,5,"2024-01-16 15:35:09","2024-01-20 05:35:09"
718,62,5,"2024-03-02 03:44:06","2024-03-04 18:44:06"
719,68,18,"2022-12-25 19:54:54","2022-12-27 09:54:54"
720,28,1,"2023-04-20 06:26:12","2023-04-22 13:26:12"
721,23,5,"2023-09-08 13:40:19","2023-09-11 10:40:19"
722,29,13,"2022-08-29 14:33:20","2022-08-30 04:33:20"
723,23,8,"2023-04-12 21:27:49","2023-04-16 14:27:49"
724,54,2,"2023-10-08 03:11:14","2023-10-09 20:11:14"
725,14,2,"2023-04-27 21:48:39","2023-05-01 07:48:39"
726,75,5,"2023-09-09 14:37:15","2023-09-13 08:37:15"
727,13,8,"2022-12-18 21:18:55","2022-12-21 21:18:55"
728,5,19,"2024-04-09 04:46:15","2024-04-09 18:46:15"
729,53,19,"2023-08-08 04:02:22","2023-08-09 23:02:22"
730,23,17,"2023-05-31 16:28:19","2023-06-04 16:28:19"
731,59,7,"2022-08-22 02:15:28","2022-08-23 09:15:28"
732,36,13,"2023-11-04 19:19:39","2023-11-08 15:19:39"
733,42,8,"2024-02-04 16:44:01","2024-02-05 17:44:01"
734,98,20,"2022-07-21 08:01:05","2022-07-25 01:01:05"
735,59,18,"2023-08-03 19:17:05","2023-08-05 02:17:05"
736,75,7,"2024-02-26 08:18:16","2024-02-29 05:18:16"
737,69,14,"2022-06-26 22:42:47","2022-06-27 17:42:47"
738,65,8,"2023-12-22 13:47:33","2023-12-23 00:47:33"
739,53,12,"2022-10-31 18:16:57","2022-11-03 14:16:57"
740,82,16,"2022-06-11 12:58:25","2022-06-15 04:58:25"
741,74,12,"2024-03-27 22:25:55","2024-03-28 21:25:55"
742,66,4,"2022-10-20 08:32:20","2022-10-24 11:32:20"
743,46,19,"2024-05-20 05:47:58","2024-05-23 20:47:58"
744,87,5,"2024-03-18 20:35:37","2024-03-21 06:35:37"
745,66,9,"2023-06-13 16:52:53","2023-06-16 03:52:53"
746,52,14,"2023-02-04 17:12:52","2023-02-06 21:12:52"
747,86,2,"2023-06-09 23:45:49","2023-06-10 19:45:49"
748,75,5,"2023-02-20 15:29:10","2023-02-22 01:29:10"
749,40,17,"2022-11-30 05:01:00","2022-12-01 09:01:00"
750,65,12,"2023-10-21 14:19:12","2023-10-23 20:19:12"
751,47,16,"2023-02-17 23:36:25","2023-02-21 23:36:25"
752,86,5,"2023-09-15 09:41:29","2023-09-16 20:41:29"
753,64,9,"2023-01-29 16:24:38","2023-01-31 16:24:38"
754,8,16,"2023-04-28 02:58:53","2023-05-01 14:58:53"
755,77,4,"2023-10-11 13:24:08","2023-10-12 05:24:08"
756,45,12,"2023-08-25 15:26:10","2023-08-29 03:26:10"
757,18,16,"2023-03-05 23:19:08","2023-03-08 17:19:08"
758,73,20,"2022-12-03 17:34:03","2022-12-07 07:34:03"
759,94,20,"2023-11-01 13:19:14","2023-11-03 22:19:14"
760,39,8,"2022-06-13 13:33:55","2022-06-17 16:33:55"
761,37,17,"2024-01-20 12:37:03","2024-01-23 09:37:03"
762,62,5,"2023-12-25 23:08:27","2023-12-26 16:08:27"
763,96,11,"2023-09-20 06:37:13","2023-09-24 00:37:13"
764,67,5,"2023-10-16 04:36:55","2023-10-17 01:36:55"
765,92,4,"2023-12-02 15:46:26","2023-12-04 03:46:26"
766,74,13,"2022-11-18 18:18:16","2022-11-22 13:18:16"
767,58,3,"2023-03-20 13:04:45","2023-03-23 07:04:45"
768,44,11,"2022-10-21 15:53:51","2022-10-22 05:53:51"
769,84,9,"2022-07-09 18:04:30","2022-07-11 05:04:30"
770,55,16,"2023-09-26 07:58:10","2023-09-28 09:58:10"
771,7,10,"2024-03-28 00:59:14","2024-03-29 03:59:14"
772,87,5,"2023-05-31 10:33:14","2023-06-02 20:33:14"
773,89,3,"2023-01-01 04:53:12","2023-01-03 08:53:12"
774,84,16,"2024-03-27 10:39:58","2024-03-28 17:39:58"
775,81,10,"2022-10-03 20:22:39","2022-10-06 02:22:39"
776,58,8,"2022-09-04 18:17:54","2022-09-06 00:17:54"
777,83,19,"2022-08-18 17:26:57","2022-08-20 08:26:57"
778,46,17,"2024-02-22 18:30:58","2024-02-25 19:30:58"
779,87,19,"2024-02-25 00:26:28","2024-02-27 02:26:28"
780,23,15,"2022-12-17 08:36:44","2022-12-18 18:36:44"
781,61,7,"2024-05-05 22:09:49","2024-05-09 17:09:49"
782,51,14,"2024-04-09 18:57:06","2024-04-11 23:57:06"
783,83,11,"2023-04-11 07:06:24","2023-04-15 10:06:24"
784,51,10,"2023-10-23 03:24:52","2023-10-27 01:24:52"
785,17,20,"2024-05-04 23:00:00","2024-05-06 03:00:00"
786,6,11,"2023-11-18 21:25:44","2023-11-22 23:25:44"
787,40,17,"2022-08-15 10:21:48","2022-08-16 02:21:48"
788,72,1,"2023-02-28 18:16:15","2023-03-04 00:16:15"
789,70,11,"2022-06-27 05:25:04","2022-06-30 10:25:04"
790,61,10,"2023-05-13 05:27:02","2023-05-15 17:27:02"
791,78,19,"2024-03-25 16:47:14","2024-03-26 02:47:14"
792,68,2,"2023-12-12 22:37:09","2023-12-14 12:37:09"
793,64,10,"2022-08-10 06:53:16","2022-08-10 23:53:16"
794,6,2,"2023-03-21 09:22:39","2023-03-25 04:22:39"
795,43,11,"2023-12-01 05:13:58","2023-12-04 16:13:58"
796,60,5,"2022-12-26 20:17:17","2022-12-28 04:17:17"
797,94,19,"2022-07-11 01:04:15","2022-07-13 10:04:15"
798,54,14,"2022-12-20 19:16:41","2022-12-23 07:16:41"
799,34,17,"2022-08-04 16:32:41","2022-08-05 10:32:41"
800,87,13,"2022-11-27 22:34:08","2022-11-28 12:34:08"
801,100,6,"2023-01-15 16:00:48","2023-01-16 14:00:48"
802,63,15,"2023-05-22 12:06:02","2023-05-24 17:06:02"
803,16,6,"2023-10-22 22:05:36","2023-10-25 02:05:36"
804,80,15,"2023-04-12 22:42:36","2023-04-13 14:42:36"
805,38,1,"2024-04-27 10:04:22","2024-04-28 12:04:22"
806,16,1,"2023-01-08 22:15:40","2023-01-09 18:15:40"
807,50,15,"2022-10-18 04:50:52","2022-10-19 12:50:52"
808,24,2,"2023-09-04 23:01:41","2023-09-06 13:01:41"
809,87,17,"2024-03-22 03:49:46","2024-03-23 12:49:46"
810,49,16,"2022-09-18 16:24:43","2022-09-22 00:24:43"
811,46,11,"2022-07-12 17:11:33","2022-07-14 03:11:33"
812,10,5,"2023-06-25 05:31:47","2023-06-27 18:31:47"
813,72,4,"2023-02-26 13:05:43","2023-03-01 05:05:43"
814,85,9,"2024-03-24 23:59:44","2024-03-26 06:59:44"
815,57,11,"2023-04-01 15:09:50","2023-04-03 19:09:50"
816,66,13,"2022-06-21 10:13:08","2022-06-24 05:13:08"
817,25,7,"2024-05-15 17:16:04","2024-05-19 05:16:04"
818,56,10,"2023-01-03 08:25:14","2023-01-05 01:25:14"
819,49,20,"2022-08-25 19:26:25","2022-08-29 05:26:25"
820,80,19,"2023-07-08 07:32:36","2023-07-09 08:32:36"
821,63,13,"2023-06-10 15:31:52","2023-06-14 09:31:52"
822,60,12,"2023-12-27 06:52:03","2023-12-31 06:52:03"
823,19,11,"2023-11-19 00:55:04","2023-11-19 12:55:04"
824,59,5,"2023-04-28 23:51:16","2023-05-01 19:51:16"
825,47,16,"2022-11-17 08:10:36","2022-11-19 19:10:36"
826,52,10,"2023-02-05 05:58:22","2023-02-08 01:58:22"
827,27,7,"2024-01-16 10:02:49","2024-01-17 11:02:49"
828,52,4,"2022-10-06 17:22:06","2022-10-08 00:22:06"
829,24,9,"2022-08-02 07:02:43","2022-08-02 18:02:43"
830,44,1,"2024-04-24 23:23:20","2024-04-27 14:23:20"
831,92,10,"2022-07-14 03:57:04","2022-07-16 01:57:04"
832,96,8,"2023-04-23 04:00:15","2023-04-23 22:00:15"
833,8,20,"2023-08-15 15:13:02","2023-08-16 16:13:02"
834,23,9,"2022-07-25 12:38:02","2022-07-27 12:38:02"
835,87,3,"2022-07-25 14:59:17","2022-07-28 02:59:17"
836,19,9,"2024-03-01 04:52:03","2024-03-05 07:52:03"
837,81,19,"2022-12-23 20:31:56","2022-12-26 12:31:56"
838,2,10,"2023-08-19 15:14:55","2023-08-21 21:14:55"
839,4,20,"2023-08-28 21:21:57","2023-08-30 05:21:57"
840,63,6,"2023-06-26 07:08:33","2023-06-27 22:08:33"
841,84,14,"2024-01-20 01:55:59","2024-01-23 14:55:59"
842,29,1,"2024-05-22 19:31:05","2024-05-23 11:31:05"
843,24,5,"2023-10-30 04:40:32","2023-10-31 19:40:32"
844,55,3,"2022-07-16 12:34:04","2022-07-17 23:34:04"
845,14,13,"2023-06-04 05:41:21","2023-06-06 13:41:21"
846,88,13,"2024-01-21 12:06:00","2024-01-23 05:06:00"
847,19,1,"2022-09-20 00:19:39","2022-09-22 17:19:39"
848,74,9,"2023-02-15 20:27:26","2023-02-16 09:27:26"
849,25,4,"2024-02-10 10:13:30","2024-02-12 01:13:30"
850,6,6,"2023-12-07 10:34:55","2023-12-08 09:34:55"
851,55,17,"2022-06-26 03:17:58","2022-06-29 00:17:58"
852,67,12,"2023-06-29 04:06:20","2023-07-03 04:06:20"
853,32,8,"2022-09-23 08:35:27","2022-09-26 07:35:27"
854,13,6,"2022-08-02 02:19:07","2022-08-02 18:19:07"
855,83,14,"2022-08-01 22:40:52","2022-08-05 06:40:52"
856,7,10,"2023-05-08 11:55:54","2023-05-09 16:55:54"
857,27,12,"2024-03-03 12:16:24","2024-03-07 00:16:24"
858,51,12,"2024-04-11 09:34:47","2024-04-13 18:34:47"
859,67,18,"2024-03-09 21:07:12","2024-03-11 02:07:12"
860,34,14,"2022-10-12 10:11:02","2022-10-16 08:11:02"
861,18,16,"2023-09-16 10:03:01","2023-09-19 08:03:01"
862,45,15,"2022-08-26 18:19:37","2022-08-28 11:19:37"
863,41,9,"2022-09-23 01:59:18","2022-09-25 07:59:18"
864,30,8,"2022-12-15 06:04:33","2022-12-17 21:04:33"
865,58,15,"2023-07-08 14:58:23","2023-07-12 12:58:23"
866,28,2,"2022-11-25 21:11:33","2022-11-28 21:11:33"
867,78,3,"2024-01-08 22:09:56","2024-01-12 10:09:56"
868,81,18,"2023-08-05 16:24:23","2023-08-07 13:24:23"
869,92,14,"2022-10-14 20:16:23","2022-10-18 06:16:23"
870,73,6,"2023-03-20 17:24:27","2023-03-21 06:24:27"
871,34,16,"2023-03-22 04:53:22","2023-03-26 05:53:22"
872,5,18,"2023-06-21 01:53:17","2023-06-21 16:53:17"
873,69,2,"2023-03-16 06:22:52","2023-03-18 16:22:52"
874,81,6,"2022-10-12 23:18:02","2022-10-16 21:18:02"
875,24,4,"2023-10-30 05:27:32","2023-11-01 21:27:32"
876,42,20,"2022-10-16 14:11:59","2022-10-17 18:11:59"
877,70,8,"2022-08-28 09:05:25","2022-08-29 02:05:25"
878,45,18,"2022-09-19 13:33:50","2022-09-23 05:33:50"
879,4,10,"2023-03-09 14:03:17","2023-03-11 03:03:17"
880,6,5,"2022-07-17 15:11:17","2022-07-21 19:11:17"
881,9,11,"2023-01-22 22:14:49","2023-01-26 19:14:49"
882,98,5,"2023-06-14 14:21:01","2023-06-16 10:21:01"
883,7,6,"2024-04-16 12:33:39","2024-04-18 02:33:39"
884,87,17,"2023-07-28 06:32:55","2023-08-01 02:32:55"
885,59,17,"2022-12-10 04:32:50","2022-12-13 15:32:50"
886,59,13,"2023-12-24 16:04:22","2023-12-27 18:04:22"
887,62,7,"2023-11-02 08:48:30","2023-11-05 08:48:30"
888,69,6,"2023-06-16 17:42:29","2023-06-20 05:42:29"
889,73,1,"2022-06-10 19:04:22","2022-06-14 09:04:22"
890,17,8,"2023-08-27 09:08:57","2023-08-31 02:08:57"
891,98,7,"2023-01-27 20:28:40","2023-02-01 00:28:40"
892,16,9,"2023-01-18 18:36:42","2023-01-21 23:36:42"
893,76,19,"2024-02-06 18:01:03","2024-02-09 06:01:03"
894,72,20,"2023-02-09 22:55:58","2023-02-11 15:55:58"
895,29,14,"2022-06-27 04:25:15","2022-06-27 18:25:15"
896,7,5,"2022-09-24 17:05:36","2022-09-26 20:05:36"
897,40,9,"2022-07-08 03:58:58","2022-07-08 13:58:58"
898,97,9,"2023-04-30 18:12:23","2023-05-01 07:12:23"
899,96,13,"2022-07-20 23:06:12","2022-07-22 14:06:12"
900,10,19,"2022-10-22 10:54:45","2022-10-26 06:54:45"
901,1,10,"2023-03-29 22:44:33","2023-04-01 01:44:33"
902,97,5,"2023-12-11 23:36:22","2023-12-15 21:36:22"
903,19,15,"2024-05-20 10:49:40","2024-05-21 06:49:40"
904,87,12,"2023-06-23 20:07:42","2023-06-26 22:07:42"
905,23,3,"2023-05-18 15:35:30","2023-05-20 04:35:30"
906,38,14,"2024-03-24 08:43:50","2024-03-27 00:43:50"
907,76,4,"2023-08-06 14:46:20","2023-08-07 14:46:20"
908,85,15,"2024-03-12 21:20:08","2024-03-14 17:20:08"
909,21,8,"2023-03-08 04:26:08","2023-03-10 11:26:08"
910,27,16,"2022-06-18 02:39:29","2022-06-18 18:39:29"
911,82,16,"2024-03-19 05:11:09","2024-03-21 07:11:09"
912,65,18,"2022-06-17 14:50:11","2022-06-21 08:50:11"
913,17,19,"2024-01-30 23:11:32","2024-02-02 02:11:32"
914,55,3,"2022-10-16 04:55:50","2022-10-18 21:55:50"
915,83,4,"2022-10-14 16:39:19","2022-10-18 10:39:19"
916,93,19,"2024-03-22 04:08:23","2024-03-23 07:08:23"
917,22,11,"2022-08-03 08:25:24","2022-08-04 17:25:24"
918,17,3,"2022-12-04 12:42:57","2022-12-06 00:42:57"
919,76,10,"2022-09-19 23:28:30","2022-09-21 08:28:30"
920,79,5,"2022-06-20 08:54:19","2022-06-23 23:54:19"
921,89,5,"2022-07-17 20:46:53","2022-07-20 21:46:53"
922,10,5,"2023-02-01 07:49:13","2023-02-02 11:49:13"
923,16,7,"2023-11-24 18:54:10","2023-11-26 03:54:10"
924,32,3,"2023-12-12 18:08:08","2023-12-13 08:08:08"
925,66,13,"2023-12-07 17:17:05","2023-12-08 06:17:05"
926,12,12,"2023-05-05 21:25:44","2023-05-08 20:25:44"
927,71,11,"2023-09-23 15:42:34","2023-09-25 07:42:34"
928,99,3,"2024-04-27 10:00:17","2024-04-28 21:00:17"
929,100,2,"2022-12-07 01:17:46","2022-12-10 22:17:46"
930,26,18,"2024-04-29 00:24:37","2024-05-01 19:24:37"
931,40,1,"2022-11-11 23:03:06","2022-11-13 18:03:06"
932,1,9,"2023-11-20 14:49:16","2023-11-22 17:49:16"
933,30,18,"2022-08-20 11:51:23","2022-08-21 18:51:23"
934,28,18,"2022-06-16 08:07:42","2022-06-17 23:07:42"
935,67,11,"2022-12-16 02:17:41","2022-12-19 15:17:41"
936,31,3,"2022-11-07 23:09:58","2022-11-08 11:09:58"
937,18,8,"2024-05-11 15:30:38","2024-05-13 23:30:38"
938,90,9,"2022-12-08 11:56:05","2022-12-10 10:56:05"
939,92,1,"2022-10-13 02:05:11","2022-10-15 11:05:11"
940,47,6,"2023-03-06 21:58:33","2023-03-08 18:58:33"
941,32,14,"2023-03-21 08:02:34","2023-03-22 08:02:34"
942,97,15,"2022-07-31 22:18:21","2022-08-04 20:18:21"
943,1,14,"2022-06-08 04:10:46","2022-06-11 08:10:46"
944,88,18,"2022-06-14 05:21:22","2022-06-17 11:21:22"
945,52,20,"2023-02-24 03:32:34","2023-02-28 05:32:34"
946,47,19,"2022-11-07 12:23:27","2022-11-11 12:23:27"
947,89,12,"2024-02-01 12:39:53","2024-02-01 23:39:53"
948,95,16,"2024-05-10 11:40:34","2024-05-11 18:40:34"
949,61,3,"2023-09-30 22:56:43","2023-10-02 15:56:43"
950,52,12,"2023-04-15 07:13:48","2023-04-17 09:13:48"
951,44,5,"2023-06-18 08:48:04","2023-06-20 15:48:04"
952,37,17,"2023-01-16 02:13:44","2023-01-18 15:13:44"
953,87,7,"2023-05-15 16:05:09","2023-05-19 16:05:09"
954,95,3,"2022-08-24 20:49:56","2022-08-28 19:49:56"
955,29,20,"2022-08-11 22:58:17","2022-08-15 13:58:17"
956,13,14,"2022-09-29 02:41:30","2022-09-30 17:41:30"
957,46,17,"2022-10-27 10:08:24","2022-10-31 06:08:24"
958,25,18,"2022-06-23 15:00:33","2022-06-24 01:00:33"
959,14,14,"2024-02-29 12:10:08","2024-03-01 18:10:08"
960,85,4,"2023-02-16 04:18:40","2023-02-18 23:18:40"
961,81,7,"2024-04-15 02:35:45","2024-04-16 20:35:45"
962,94,20,"2022-10-17 13:02:19","2022-10-18 01:02:19"
963,3,3,"2023-10-02 12:33:55","2023-10-06 07:33:55"
964,60,5,"2024-05-18 13:21:49","2024-05-19 13:21:49"
965,56,3,"2024-03-09 07:11:23","2024-03-11 00:11:23"
966,1,17,"2022-06-24 20:43:39","2022-06-25 07:43:39"
967,24,17,"2022-08-21 12:40:41","2022-08-22 16:40:41"
968,91,20,"2024-04-03 16:01:12","2024-04-06 21:01:12"
969,19,16,"2023-03-31 13:19:51","2023-04-03 05:19:51"
970,53,10,"2023-08-15 13:12:22","2023-08-18 12:12:22"
971,12,7,"2022-11-17 12:08:37","2022-11-18 19:08:37"
972,61,17,"2023-09-25 21:40:44","2023-09-26 09:40:44"
973,17,7,"2023-04-14 08:07:15","2023-04-18 09:07:15"
974,6,3,"2023-05-02 08:22:13","2023-05-02 21:22:13"
975,20,7,"2022-11-15 22:37:20","2022-11-19 12:37:20"
976,99,19,"2024-03-16 18:42:37","2024-03-17 17:42:37"
977,51,6,"2023-07-28 06:09:21","2023-07-30 12:09:21"
978,66,13,"2023-10-05 19:24:45","2023-10-09 19:24:45"
979,23,18,"2023-01-08 06:30:16","2023-01-10 06:30:16"
980,35,14,"2023-01-20 01:17:02","2023-01-20 13:17:02"
981,77,4,"2022-07-20 02:57:38","2022-07-21 10:57:38"
982,44,13,"2022-06-04 21:36:29","2022-06-08 17:36:29"
983,22,18,"2022-07-02 14:36:53","2022-07-04 11:36:53"
984,80,13,"2023-02-01 11:06:16","2023-02-03 13:06:16"
985,2,7,"2023-04-12 18:24:48","2023-04-15 22:24:48"
986,84,7,"2023-03-14 11:58:11","2023-03-17 07:58:11"
987,35,9,"2023-09-30 10:34:50","2023-10-03 18:34:50"
988,4,10,"2022-06-25 18:02:55","2022-06-27 15:02:55"
989,65,7,"2024-05-12 09:27:26","2024-05-14 17:27:26"
990,37,16,"2022-12-25 01:02:02","2022-12-25 21:02:02"
991,35,15,"2023-10-18 23:21:35","2023-10-20 03:21:35"
992,80,15,"2023-08-05 07:02:59","2023-08-06 02:02:59"
993,71,17,"2024-01-21 14:48:54","2024-01-22 02:48:54"
994,48,1,"2023-03-13 23:13:12","2023-03-15 09:13:12"
995,89,10,"2023-02-02 05:48:55","2023-02-02 20:48:55"
996,70,4,"2023-09-27 14:27:30","2023-09-28 22:27:30"
997,35,11,"2022-10-29 21:57:29","2022-11-01 00:57:29"
998,55,14,"2023-06-22 08:53:01","2023-06-23 20:53:01"
999,62,6,"2024-01-22 13:36:15","2024-01-22 23:36:15"
1000,72,2,"2023-06-22 12:28:42","2023-06-26 07:28:42"
